2457563.66099   10.286385317118825    11.536654156507398  42.24341162255814      3.7581732239628254 0.8152253913607472 0.00291740235163348   0.704575931654799  0.00246621976346432   0.6035936687824356 0.0022129987052624286 1.0009545257700072 0.0036230005470913903 0.44043592 0.0011405445575146755 0.7694159  0.0024186287601109147 0.729418   0.0020410936666950766  -1.67299              4.404179999999999  4.23789762 0.02800883 23.31766326 0.10795315
2457569.588     38.63091194629515     10.165379684768428  -1.9555282048712779    1.1192582625934042 0.8069543387294722 0.0023533674533168444 0.6894513502540426 0.001948799404793667  0.5914115327048409 0.0017565095975057936 0.9493589922687183 0.003275057636348241  0.42717662 0.0009948253882691939 0.76914907 0.001962772599683111  0.72525626 0.0016157912492452148  -3.8412300000000004   3.7227200000000003 4.23075073 0.02798086 23.89195107 0.11077158
2457575.61747   46.98336650005316     12.897792823918861  -4.141866025694477     1.952144997053196  0.8155426555137594 0.003179357908220517  0.6881321211711936 0.002753182096834801  0.5982598527078973 0.0024606199024088133 0.9480380361266288 0.0037884238164973202 0.42661533 0.0012273905834450365 0.76852465 0.0027031671288401016 0.72342235 0.002263690511390862   -4.3661               4.7138800000000005 4.21666295 0.02754039 23.84835069 0.1090783 
2457584.59445   21.70912714740658     15.494210472263996  -8.05668526985447      1.9095935357852907 0.8179625452133488 0.003279818858663821  0.6843364112992635 0.002785378711926644  0.5864671184526274 0.00254824502180105   0.9543255881100646 0.004452272275599279  0.42489177 0.0013942494316395064 0.76306766 0.0027655775894594252 0.7289679  0.0022871748300683408  -8.784419999999999    5.12549            4.23746677 0.02591706 23.94511815 0.10272726
2457591.51688   -1.3536342974790918   15.60780197523722   -1.8562368229484487    1.5167088837997762 0.8120005430998195 0.0027724661110923397 0.6935964263514816 0.002305028326073143  0.5936215697807696 0.002058796734230641  0.9598391700285405 0.0040969302605994296 0.43020794 0.001253804020109675  0.76305455 0.0022925059178916136 0.7360038  0.001907615175665258   -4.476319999999999    4.572030000000001  4.22693121 0.02839906 23.86080334 0.11234489
2457594.58057   14.974118371879       12.063931258618569   1.2150235401878589    1.4347735896480691 0.8135544598129022 0.002324269551768659  0.6928166619049696 0.0019520825044420933 0.5936657285434224 0.0017308160099121282 0.9469941335478144 0.003346207785913176  0.4276592  0.0010296523484277305 0.7721577  0.001971382979309602  0.726479   0.0016036380710679127  -1.23295              3.82901            4.23195849 0.02708989 23.8694835  0.10711655
2457596.52948   -1.100392455288003    14.537810938896003  -7.034978151085153     1.7180438123213115 0.8063864436396463 0.0028433960803412052 0.6859287533949802 0.0023985463473385166 0.587004614906815  0.002175642455816415  0.9508266821378554 0.004297637528901554  0.427566   0.00132486988248982   0.7663074  0.0024378887927225877 0.72773045 0.0019950994190375882  -3.16855              4.7620700000000005 4.22607463 0.02714137 23.92549675 0.10769141
2457597.44527   -4.327703565854521    10.241533938806306  -1.9205570284907147    1.5855551464946145 0.8148916242202637 0.00240056004433206   0.6924975907847039 0.002013423085186943  0.5876699915480615 0.0018081036906671354 0.945664033705953  0.0035849375515103203 0.42767203 0.001091875921117261  0.7675628  0.0020287603976115167 0.7257969  0.0016491028249313706  -3.10831              3.9943299999999997 4.23684095 0.02712152 23.93818871 0.10747949
2457610.51532   39.561704297835064    12.54777078145392   -1.0473224733526414    1.4354110259417008 0.8154693162993497 0.0024860479813905234 0.69986434737525   0.0020414666183706234 0.5961665605250291 0.0018018047618365385 0.9799458486401798 0.003484238246197199  0.42690548 0.0010703437703998794 0.7635323  0.002040501419091389  0.72451276 0.001645468421627129   -1.39021              3.9284999999999997 4.24692432 0.02753091 23.88762871 0.1086795 
2457612.45812    1.403254144893067    14.476170373650437  -2.1248624873598585    1.5103866297085429 0.8096217148192468 0.002941529543416393  0.692981226380787  0.002464757017875823  0.5987287183432968 0.002189173594278356  0.9547654750586176 0.004364040978842087  0.42818913 0.0013204862127107165 0.7665426  0.0024523847741349126 0.7341028  0.001974946189817711   -6.76178              4.8053             4.23165708 0.02639047 23.84791823 0.10425699
2457613.43402    6.152807596261358    10.494860820652328   0.60721462345722      1.360426948922136  0.8136947438731146 0.0023925251390764304 0.7005993671707922 0.0019767890435295286 0.5943347181865127 0.0017495508618492472 0.9536902631470731 0.0034463401917830838 0.42731684 0.001075850378564203  0.7637354  0.0019660992680775686 0.73416513 0.0016223167761422368  -6.304869999999999    3.9105499999999997 4.23166049 0.02795626 23.81824018 0.11029802
2457618.5556    10.227675073659082    11.516241531202555   2.1305392403859438    1.895965846715284  0.8162456084544368 0.002835680023058331  0.6943880147305443 0.0024065133819930066 0.5999873588894752 0.002132615278728168  0.9542985570892443 0.004204226497500888  0.43277293 0.001286798171722533  0.76672333 0.0023982159285789034 0.7296016  0.0019408741079378574  -5.188479999999999    4.6894             4.22097406 0.02618107 23.79763914 0.10338651
2457620.52186    1.6130924056698508   10.154167232234823   5.18704172100585      1.3590799706727401 0.8125484734527237 0.0023822562686346624 0.6961893221361066 0.001961976285926325  0.5994780656336134 0.0017428363937933115 0.9970127841003262 0.0034331714939607625 0.4283946  0.0010297556725303565 0.7607857  0.0019450800046367258 0.7325129  0.001610946772192808   -5.91476              3.85487            4.22768188 0.02725488 23.7890244  0.10746387
2457622.40655   14.868643948527204    11.427064631297348   1.195388708685856     1.2946256783766492 0.8128683112248876 0.002450870732888312  0.6965096202834289 0.002020754094133285  0.5902422302492439 0.0018028251024690414 0.9710479218000062 0.0036419409567447335 0.425731   0.0011361425333719158 0.7696623  0.0020335191985605514 0.7299763  0.0016456689614298989  -3.45966              4.00696            4.23104338 0.02818006 23.82008833 0.11120157
2457623.44217   74.0108303396185      40.112237991905474 -23.70939459129589      4.391021387969753  0.8112077110098217 0.006743002754817514  0.700227525625474  0.006315674471669323  0.5738443891267769 0.0056646696436071994 0.9769326457819896 0.011638219454324427  0.43087435 0.0034423145590878074 0.7604316  0.0059593307500900175 0.74246156 0.004608956122174757    1.4164100000000002  12.18094            4.20593155 0.02667544 23.80270798 0.10563593
2457626.45335   12.707333910466204    12.235117145674696  -1.2259304392533483    1.5857030484392165 0.8190283670202505 0.002616343936028084  0.7070196943411445 0.002218181629355411  0.5949917122125971 0.001957429642036874  0.9594534680706741 0.0037858879569067794 0.42555594 0.001157906504570652  0.7629718  0.002180856390661636  0.7307084  0.001808321823741211   -6.57498              4.261550000000001  4.23855569 0.02787763 23.86555228 0.11009191
2457628.44037   23.093376800309592    13.33699419678886   -2.9182914724783733    1.5951664739448495 0.8159510524158265 0.0029058956809553988 0.7057376640043092 0.0024388480835792503 0.5960873920386689 0.0021669937737355508 0.9478962366168929 0.004159870876193927  0.42319977 0.001274008687276965  0.7610653  0.0023778769655365727 0.7286181  0.001939935517332342   -5.238709999999999    4.67738            4.24238444 0.02767491 23.91870032 0.10947872
2457631.43641    3.3460132557041984   15.968464548913959  -1.585751608280014     1.5668280038969935 0.8189921382381316 0.0024326038109488274 0.7016347721133638 0.002091620223029261  0.6004897040402919 0.001826056329907104  0.9780384158308436 0.003521287667723698  0.42777556 0.001070250217640758  0.7656178  0.002027615869746033  0.73197746 0.001669325677043935   -6.76127              3.9791799999999995 4.24322388 0.02786961 23.87348625 0.11001437
2457634.51968   -1.7425236446317693   10.914547846460342  -0.5590617592430001    1.342173018931985  0.8189679853988825 0.002384408327239245  0.6987986632117875 0.0019995300682484323 0.5913157181589537 0.0017911713152351239 0.9671837103960105 0.0033327388542416588 0.4258724  0.0010221262244662895 0.764267   0.0019799183498282525 0.7259542  0.0016414767456420835  -4.19558              3.84216            4.22858462 0.02854212 23.8624617  0.1128878 
2457635.48563    8.398606035715327    13.748746106983154  -1.9696868965881376    1.3387413131983161 0.8179027079803056 0.0023543269487869985 0.6910326323590755 0.0020008564459606222 0.5910384039401092 0.0017709261852586864 0.9763164251943891 0.003441568667493318  0.426201   0.0010358912089641075 0.7641259  0.0019645321880868032 0.721402   0.0016022954140996453  -6.58753              3.81963            4.22702747 0.02844359 23.85311955 0.11248107
2457636.51418   30.73188012530172     13.120803087958398  -4.571577979086394     1.4817646196303984 0.8167713978370066 0.002862397883062995  0.6987392571539163 0.002434372262098118  0.5952445282736294 0.0021397089266896978 0.9724423303158727 0.0041521113341760375 0.42398426 0.0012511738952969051 0.7698057  0.0023544515125531913 0.72363454 0.001899267941701851   -8.46995              4.57608            4.22215576 0.02756014 23.90769643 0.10933983
2457654.48792   49.94466209563798     14.39955447228054   -1.6532905687722514    1.82244855081212   0.8154959948893479 0.0032230032384277392 0.6954448526302994 0.0027089476941339697 0.592397946741424  0.002430254061784941  0.983236431086294  0.004652393928106193  0.42317924 0.0013881250291228437 0.76767635 0.002652419289646498  0.72431463 0.0021486580709465576   2.0224499999999996   5.075060000000001  4.23372046 0.02912521 23.93572937 0.11546719
2457656.51043    3.460122181660829    12.881901448600477  -0.3074442420494459    1.1596650377491167 0.8187063106258915 0.002768076810640913  0.686762944651929  0.002352267424077095  0.5902804457148875 0.0020755211664967585 0.9807192024429463 0.0037439464465573876 0.42643365 0.0011374606812174037 0.7589915  0.0022700374679813905 0.73343086 0.0018935595671800206  -6.94977              4.2464             4.22908304 0.02781499 23.87131397 0.1100455 
2457693.4234    24.7447744652775      11.799623116381643  -0.053258422885989254  1.4095063960339975 0.8241512952503386 0.0025491199270346395 0.6927781286217756 0.002145411282765952  0.5969461123939548 0.0019080585189944618 0.9595488415093822 0.00365804423612485   0.4258095  0.0011019076551370556 0.7644088  0.0021004694934313884 0.73584056 0.0017206306050888142 -10.04186              4.09068            4.23419391 0.02878202 23.86072579 0.11372116
2457695.31441   26.525836550577424    10.149433811344354   3.48463124820928      1.4619756795453096 0.8259097022699153 0.002391520263323275  0.6873211021058058 0.001998293779550298  0.5869428273200277 0.0017506997008834837 0.9726977900262914 0.0034384168338763106 0.4273693  0.0010361487245599398 0.7664926  0.001968553016234854  0.73732173 0.001628517150827804   -8.1209               3.83014            4.23519879 0.0275382  23.84832955 0.10872916
2457706.28461   16.0009048373595      10.923169072982676   7.803083686715942     1.207273317197696  0.819594738336271  0.00243221499671331   0.6920592507629976 0.0020511004023550765 0.5922489735920538 0.001807071629785772  0.9679712609107416 0.0034563097728923836 0.42978516 0.0010579215411177655 0.7597663  0.0019878495538058123 0.73472404 0.0016754373033283176  -6.01012              3.9243000000000006 4.23306527 0.02805251 23.76487485 0.1103911 
2457819.71162  -25.444097165479608    13.400954381102826  -2.5910317207030222    1.3613065006973086 0.8274711437144032 0.0026185357418099598 0.7101337916039736 0.002220936277160127  0.5920385271308083 0.0019875929164462664 1.1050548747128086 0.004300753218737515  0.42494708 0.0011658071295352782 0.75853336 0.0021651388200555144 0.7299133  0.0017879538075472328 -11.53619              4.28072            4.24655272 0.02763777 23.96868741 0.10949784
2457851.63089    5.577688564719085    22.0015558886116     1.9601329425334446    2.498097099647545  0.815638907180615  0.003816157675142564  0.6939752160322724 0.003340388440315958  0.5932723297987581 0.0029727701880007985 1.0484461633907118 0.0066688929226899315 0.42670366 0.001845932249736446  0.75859505 0.003235846100226422  0.7294267  0.0025992731953888466  -8.36192              6.57136            4.23455769 0.02763559 23.82973325 0.10903561
2457854.65204    7.453992137362322    17.47769276193146    3.886243832307956     2.061816399071933  0.8149256866274575 0.003090606174376004  0.7012049069484539 0.0026017095163567254 0.595046208305347  0.0023258923886179685 0.9738931077035514 0.004835318338038484  0.42709097 0.0014365927318163267 0.7551071  0.0025348337360614113 0.73560417 0.0021233789033770394  -0.26039              5.1297299999999995 4.2624198  0.02934781 23.84159336 0.11533041
2457907.64037   13.577631755495705    24.61909606481188   -7.893977028859761     2.5250238795174518 0.820714723952177  0.004186283559548857  0.6996261975091376 0.003658856704657951  0.6003991215378075 0.0032565433593559033 1.0460101847717629 0.007275751569965461  0.41727886 0.0020152547276938884 0.7700041  0.003674660216497429  0.7177678  0.0028078947465727698  -4.37395              7.16684            4.23869947 0.02894662 23.97299392 0.11485309
2457909.60364   37.900457921976454    22.314266476986553  -9.572051943475218     2.308304711816701  0.81763968717441   0.004020628406421729  0.7011605635969144 0.003490951994017515  0.5926700148723667 0.003100491894852946  0.9793595211286502 0.00682597136349202   0.42452437 0.0019889466290726777 0.76424265 0.00347145839557083   0.723487   0.002727543191826591   -2.09189              6.93666            4.21966848 0.03003302 23.953711   0.11944313
2457910.63783   13.033147018165705    18.97088033764265   -4.702101531402961     2.5040160529178688 0.8180760656467406 0.00334051390143464   0.7004800261441139 0.0028654748374157563 0.6014169709443011 0.0025464599386580446 1.0287987096850089 0.005521173025576551  0.42407298 0.0015683752449432806 0.763593   0.0028688738543842392 0.72895837 0.0022765311383780916   2.70398              5.69479            4.25455372 0.0260395  23.94357457 0.10291937
2457911.59245   25.375009349516635    12.745072108297528   2.6783510185663464    0.9613609053149503 0.8142110053367597 0.0021745440567594015 0.6979013768888609 0.0018222475647593351 0.5912587703387432 0.001625027104819502  0.9865661676443607 0.0032611800468140537 0.4219985  0.000958667919839661  0.7611095  0.0018301713129304639 0.7264372  0.0015177241073911186  -2.0259               3.59615            4.25010695 0.02870254 23.86795441 0.113148  
2457914.63544   22.285996091966307    12.52873710088858    2.5296843152563593    1.9807583016209451 0.8133199112850497 0.002510029193881395  0.7050812397365608 0.002149480102816881  0.5978509401781441 0.0019092475999423718 1.0551074029540073 0.003997827232641936  0.42369425 0.0011299819141683029 0.7705894  0.002175089428679369  0.71504086 0.0017087508662991327  -5.94804              4.17783            4.2479667  0.02734952 23.83940493 0.10771578
2457915.57267   14.128065967579538    12.0782156395594     3.6743710947061636    2.195767086585483  0.8154463296170571 0.002530660243565646  0.6985336873231663 0.0021368914289848625 0.5945134648888896 0.0018726605473499797 1.014060207621377  0.003961856023872158  0.42119747 0.0011324521427452522 0.7642032  0.002155025685290799  0.7113549  0.001702815794914987   -2.60046              4.186310000000001  4.24470683 0.02825276 23.83851318 0.11132803
2457916.62517   12.360138240705375    11.4313223838346     1.3595591133815883    1.3951766859295565 0.8257835285961125 0.002393704480238503  0.7045885565931773 0.0020231507215671793 0.5967652272229268 0.0017706436154281708 1.0323819600310684 0.0036978149143911255 0.4218784  0.0010646556540321304 0.7675684  0.00202721066556089   0.7234184  0.0016276122561956789  -6.7933               3.9544699999999997 4.23629411 0.02838813 23.84192287 0.11203279
2457921.62381   13.029904326037387    12.423135663798288  -0.8194535978173358    1.3001845506171963 0.8200878630735359 0.0023422827983250096 0.7013126965502056 0.0019807703917762817 0.6029501932078583 0.0017783606992899101 1.0843079612737454 0.003702034212292329  0.4203841  0.001155519174397626  0.76915425 0.002156117468703489  0.7188344  0.0017408096461703924  -4.18806              4.22196            4.24564418 0.02809691 23.87870024 0.11089376
2457922.62445  -31.277979635206837    12.792530791697194  -1.0028179147146525    1.6187686262187824 0.823118950419956  0.002323039607811979  0.6959211796771624 0.0019506771468235473 0.595079233334559  0.0017367084054421415 1.047185064007358  0.0036469358840971323 0.41982475 0.0011919920787786874 0.762902   0.0022265596959621554 0.7227019  0.0017884037248880073  -0.39994              4.3829             4.25030977 0.02612551 23.91155565 0.10318519
2457924.61684   18.752463444618765    11.754535007753192  -0.31155109364817957   1.381339854720215  0.8169649813475067 0.0024476696660428983 0.7062795655821649 0.002037370538962347  0.5964119125661969 0.0017990032183337482 1.0004868745286708 0.003661947010424533  0.4200561  0.0010288448833903417 0.76651806 0.001994507048458882  0.72096896 0.0015982027328341108  -2.51329              3.86196            4.23768024 0.02745493 23.856757   0.10839717
2457930.61945  -30.625786534864844    13.851584768131522  -8.983400430340488     2.188942299168735  0.8191006020518705 0.003310662193106687  0.7031270931615162 0.002795869358422096  0.596011248258032  0.0025149911503350984 1.1309423745127716 0.005498643184889511  0.4199133  0.0010298686071933706 0.76573485 0.0019640079491651287 0.7176215  0.0015694557550231475  -8.46322              3.82263            4.24767658 0.02808022 23.87391054 0.11076735
2457931.59973  -49.53027318308173     19.717688066614294 -12.311174281063339     2.7731806595053095 0.8128246449644236 0.004025560206102654  0.6973516217577506 0.003517736064186579  0.5898958595842148 0.003112191849969566  1.1591886704356402 0.007076259675948271  0.4182695  0.0010571087640223473 0.7612536  0.002029573039624244  0.7212996  0.001633126311727044   -5.5500300000000005   3.9363             4.2454045  0.02829456 23.93958492 0.11197749
2457934.63679   42.170073085442105    96.50794876731665  -22.488263705965068    10.762270711534352  0.8438687199560428 0.016102733034933592  0.6763162388698137 0.01573562647072588   0.6102142926266614 0.01469069420034615   1.0151748916766936 0.03549829121446278   0.41943714 0.0015034240090422498 0.76369166 0.0027879568355197184 0.7223975  0.0022067783588098524  -2.5622499999999997   5.44665            4.23348895 0.02776942 23.95031747 0.11016864
2457935.61911   39.66882486985983     13.46238642443204   -4.687777081245745     1.6986214895867955 0.8226323820391854 0.0032400393158068933 0.7065749728920103 0.0027927115196507784 0.5928774705550043 0.0024709163644831868 1.123972667415054  0.005379929378764799  0.41799262 0.0018932038292101443 0.7634773  0.003439657777464905  0.7177879  0.002674547864670718   -0.52889              6.75572            4.25999045 0.03112003 24.04830467 0.12346014
2457936.60635   -7.718795191934124    10.527386963147581  -1.3991524822864532    1.5680010715597725 0.8211300186268413 0.0023859826822164795 0.702384546959341  0.001992531427865606  0.5879024722939241 0.0017474699349183896 1.0579407070947384 0.003613304714239915  0.43689743 0.010053422974950986  0.755489   0.014908720938592681  0.74779093 0.010222095290810088    7.60376             41.012              4.17855007 0.03831036 23.12291132 0.14788903
2457937.60009  -19.134007022963875    15.514314499604588  -8.672113914366157     1.75460130507593   0.822756272997005  0.0027509675419257443 0.7026160761712986 0.0023596303207944697 0.593596662244799  0.002095859482528514  1.142085986666077  0.004524612209925078  0.42216027 0.0014770492424594512 0.75977576 0.002704763890676909  0.72732055 0.002186461934197847   -3.18544              5.337739999999999  4.24467857 0.02734581 23.9614206  0.10834004
2457939.622     -4.6587412171796965   23.057063448224895 -13.247500878918895     3.0902323584408684 0.8146255018362615 0.004167328118827259  0.7052278831964767 0.0036742173834325475 0.5987789702599621 0.0032905191891746603 1.059406987583387  0.007298852237373131  0.42190242 0.001022779169655588  0.7626134  0.0019731277613213006 0.73044145 0.001603779866144738   -8.80178              3.8132499999999996 4.25632301 0.02933643 23.97271785 0.11606686
2457943.54986    9.599453927542267    25.463551868407706   5.834592095965982     4.355710170247208  0.8111821416174043 0.004354746193721753  0.6954473735591694 0.003821672367916085  0.5974449706502506 0.0034257506418029107 1.0439195895251496 0.007646036502372449  0.42265546 0.0012338479779378097 0.7631017  0.0023259452528750935 0.7272148  0.0018721005488122153  -3.66302              4.50976            4.26282621 0.02791124 24.04072162 0.11064451
2457944.52576    3.8672032716403537   14.216193768804466 -19.717903362958506     2.4929731338435555 0.8204568609410714 0.0024774149229305573 0.7032686979040087 0.0020846457612809354 0.5890400779546465 0.0018352581000502146 1.060363861623396  0.003970014700986858  0.41916806 0.002026506167465751  0.7637013  0.003640378594841308  0.7282597  0.0028472792820315325  -7.660830000000001    7.21424            4.24221    0.02905365 24.06667883 0.11568615
2457945.5306   -14.745019056423658    13.555467618721833  -1.176457052395476     2.1572916320599016 0.8225785302655633 0.0026702432311678406 0.7007276872104563 0.0022542752072577596 0.5973245422735521 0.001996487647010428  1.052477036733552  0.004247507410440641  0.42230207 0.0021360759704973395 0.75383466 0.0037637593468482543 0.7236833  0.0029479973971530157   0.37277000000000005  7.62454            4.23877765 0.0273974  23.8020028  0.10788835
2457946.49917    3.1254335859007405   18.95341643290292    5.215950571077253     4.209523671324878  0.8160321631563018 0.004214446881287557  0.6914456539055215 0.0036736402298211154 0.5932148664663374 0.00327111063891493   1.0667803250343884 0.007425083941780922  0.41236806 0.001102020506632585  0.76442003 0.002091729173180972  0.722222   0.0016855324317026994  -1.33188              4.069439999999999  4.25949955 0.02859055 24.14493243 0.11391388
2457948.56528    0.6605079996182344   13.928747044120522  -2.9871446733170455    1.6923655239229893 0.8184379351845852 0.002587504915500208  0.7005703685869086 0.002189806862764046  0.5873195475826573 0.0019645078032180293 1.0667183898726114 0.004117468662605564  0.42125192 0.0011996169004441892 0.76219046 0.0022516908292627893 0.72221017 0.001814276099215107   -3.46457              4.41272            4.25224504 0.02827534 23.90026191 0.11158459
2457950.57637   12.695804161183487    12.146173783757893  -3.6343540660022735    1.731522703997678  0.8209557858741254 0.002704584071183401  0.7078623955613763 0.002293790561984421  0.5909036964468188 0.0020286835288590224 1.1557303638257892 0.004316743923724067  0.4214771  0.002058002499534898  0.75689334 0.0036506687589815275 0.7208187  0.002836050859215644    8.05048              7.39524            4.27083792 0.02738383 23.77219909 0.10714136
2457954.5269    16.27905912393484     10.236506554796382  -7.673544237406253     1.9182970870965272 0.8136279973300861 0.002774381602089923  0.6979947094303584 0.0023514584604389125 0.5963363699750491 0.002059749489332835  1.1021115187042807 0.0044348635378225485 0.41844937 0.0011675897533796223 0.76114345 0.0021910141182766097 0.72410506 0.0017602319695032137  -7.40314              4.2927             4.24888633 0.02646614 23.90847642 0.10453905
2457955.5678    -4.248902894728849    16.79104773752926  -10.718807086365027     2.638998120335031  0.8184192093191038 0.003342817899523204  0.6980452889312384 0.0028739752105941927 0.5936942801917336 0.002536726978209764  1.0444581732822895 0.005498132631651568  0.41611812 0.0011620434794433476 0.7605123  0.0022384688664724484 0.7269853  0.0018209933624910167  -0.24023              4.356610000000001  4.25637609 0.02651044 23.93150271 0.10469456
2457958.51999   -4.802298780001458    12.746612326868702  -3.3446530647200223    1.6422445628699214 0.8217922456027182 0.002647026208837633  0.7004598071965027 0.002237529647440795  0.592691160724115  0.001995229790608943  1.0475627178995213 0.004229584597824879  0.41806868 0.0012179640914267724 0.76088727 0.0023052233402954397 0.71934825 0.0018540169322238018  -1.19086              4.54288            4.25845437 0.0269229  23.99771768 0.10659808
2457959.60827  -11.99080861609672     11.252256154224858  -3.3019312599707678    1.9485232908131946 0.8523933231180545 0.0025824191439584422 0.7543123250073543 0.0022504627280017678 0.626337652956283  0.0019658542506333213 1.4680988486724356 0.004678161980179797  0.41867816 0.0015452003402238066 0.75900364 0.002841042277817937  0.72834486 0.0022960576957934053   0.1707               5.60611            4.25404589 0.02696827 24.06209119 0.10715537
2457960.54003  -22.725246423115845    11.54943162560957  -10.80892610666005      2.2201213914149234 0.8160473114338652 0.002958498563685666  0.6964459562164854 0.002552998198347125  0.5885316528761977 0.0022795326367455477 1.0440640198118663 0.0048615315667322415 0.4199487  0.001178099511170256  0.7577829  0.0022173326797706463 0.7298503  0.0018158811497741977  -8.785950000000001    4.367990000000001  4.26155373 0.02763836 23.97566947 0.10927133
2457961.51774  -24.556978584021415    12.535636046797332  -7.121562133609142     1.8896462578801123 0.8221155842184055 0.0026597655100156236 0.6928126317294417 0.002243279689773941  0.5882986648380286 0.0019761289369282166 1.0294884229471777 0.004523054660629481  0.41844788 0.0011001813764107099 0.75912553 0.0021166769093571834 0.7247529  0.0017316025379887593  -3.72079              4.11971            4.25502835 0.02861206 23.97492663 0.11323428
2457962.50373  -31.29387723630362     14.70581102137175   -6.224356843642273     1.8027789128474732 0.8153178413540496 0.002869613699582306  0.704021003184434  0.0024371878367694844 0.5877962485454181 0.0021469994435871936 1.0854587925396753 0.004689533031710766  0.4172455  0.0013544720056892197 0.75792134 0.002502279609102529  0.719022   0.0020111632373919805  -4.69258              4.93773            4.2563608  0.02780658 24.0500015  0.1103861 
2457963.58753   30.512064788968388    16.885429783774676  -9.27360798254742      2.207351276534628  0.8161574746512679 0.003478072133790783  0.702255336775838  0.002925915099289169  0.6045506655642776 0.002620209922797298  1.0643892694797679 0.005743881606914056  0.4164412  0.0012433659199749109 0.7571824  0.0022234294448276264 0.72746265 0.0017685773366510698  -8.63504              4.52787            4.25407557 0.02805909 23.94561832 0.1109199 
2457964.51797   16.179559261344533    13.822843178748892  -5.592536907602505     1.9752564188594373 0.812349238284172  0.002626708452675468  0.6994779324361365 0.002205214927772587  0.5949809557944953 0.00195426951785636   1.0669165764475121 0.004142225217744144  0.41975185 0.0013123207365638215 0.7591332  0.0023811446754772297 0.72564113 0.0019034012494654868  -4.272279999999999    4.71657            4.27312562 0.02756305 24.06860122 0.1092212 
2457965.51372  -10.48533570792329     12.642071530852949  -3.8859936192471976    1.8801312914455313 0.8214931805331058 0.0026349936308044243 0.7171687785577525 0.0022014498237393418 0.5997432178466348 0.0019355108181413401 1.2363115870290138 0.0044180074502494235 0.41779965 0.0015762760219935638 0.75965446 0.00290965792074575   0.72386765 0.0023133202783504423  -0.44216999999999995  5.75664            4.25061401 0.02884199 23.98929594 0.1142976 
2457966.6648     4.133898288740986    24.627476847388987 -15.417422407701345     2.7255971671560566 0.821348715833607  0.004243395612210045  0.6913978974641563 0.003659957051207373  0.5931218563892726 0.003288087539886265  1.0805642157825157 0.007483274479882054  0.41860077 0.0011525532532861437 0.75609845 0.0021719010809418773 0.7243873  0.0017683744997862608  -4.86191              4.30648            4.25788074 0.02821525 24.00664568 0.11176902
2457968.49847   -4.367982871096875    12.277482768589602  -3.172062333290729     1.730447214515475  0.8188815811532161 0.002634637829406091  0.7014172235147724 0.0022259130316389796 0.5933827004492793 0.0019454251699141973 1.045214232429498  0.00407351239315354   0.4194356  0.0011467678014071509 0.7572106  0.0021614139048341746 0.72696346 0.0017642303856500495  -9.73916              4.26649            4.24328203 0.02660335 23.90816357 0.10517576
2457969.49848   -9.832678461970664    12.105567129763253  -0.2661214650639647    1.6992404407590644 0.8217083055307433 0.0024644043154403187 0.7021633585218465 0.0020711011120812077 0.5931949167572211 0.0018555085765001112 1.0840337694081703 0.0038860455979674914 0.4176088  0.0020153405438235426 0.76605463 0.003654427887379828  0.72443503 0.0028908795863007495  -8.193620000000001    7.04875            4.26116017 0.02779459 24.15199634 0.11074763
2457970.49126   19.034329589232584    11.064584749835731   1.5747393481980487    1.6133336733218508 0.8257964430439634 0.002385331654746387  0.7069706717926721 0.002031350638271663  0.5892723948070994 0.0017652152099264778 1.092008221823788  0.0037189432292126985 0.41690597 0.0011549407456988286 0.75859797 0.002205097897726067  0.72748595 0.0017848255438718205  -5.003139999999999    4.29383            4.26770792 0.02834916 24.01123519 0.112148  
2457971.49083  -26.468426374601748    14.469733132693996   0.3076489856066339    1.7349446710780403 0.8195458972773823 0.0026517295098824273 0.6975571618949803 0.0022603667472657287 0.5898669687461867 0.00198108965762161   1.026711102238557  0.004096291354619751  0.4188088  0.0010860461439964452 0.7598508  0.002059891956977767  0.7239543  0.0016818433513699866  -5.41328              4.0725             4.25517509 0.02869596 23.91695987 0.11327439
2457974.4871    -1.1834144307854761   12.88945937638057   -1.0461215385175404    1.9850777519642313 0.8123829716199318 0.0026370779848580404 0.7104176584524355 0.0021958955365068426 0.6065018599743139 0.0019428366894066792 1.1385296695024363 0.0041899649893779155 0.41962093 0.001035428324369947  0.75901896 0.0019797918070738924 0.72166866 0.0016134928341600898  -6.43875              3.87182            4.26048543 0.02887656 23.96062093 0.1141101 
2457975.48572  -21.028856403485317    12.560028740870836  -5.990551441295893     1.9235472831182419 0.8177584037532112 0.0029028343877334772 0.7059140114851107 0.0024323823042631787 0.591526266772445  0.0021396813046790568 1.0602810622134884 0.004633086400404174  0.41981572 0.0011722788834329554 0.7593307  0.002233752277284448  0.7276602  0.0018026033896847103  -8.25559              4.32968            4.24613627 0.02782092 23.93130924 0.11004997
2457976.47406   -7.414108892825519    16.85839600702746   -4.434272954136484     2.105067686742588  0.8150172718546601 0.003123703951698215  0.7037962719063644 0.0026195421404778896 0.6014784932248936 0.0023300397813226293 1.0454502643855732 0.004976875991666787  0.42231736 0.0011359660509124162 0.7562235  0.0021735565116166467 0.7301983  0.0017609462261025564  -9.43027              4.22368            4.24631343 0.02681073 23.96223356 0.1061952 
2457977.47669  -29.01747226080174     11.459526666556783  -0.5186350148730223    1.7553607143005887 0.8218639267577444 0.0024707187293692384 0.7040475656315188 0.0020671728172647875 0.5863538298912399 0.0018318005452925838 1.037919728633334  0.0037113177872307333 0.41582146 0.0012794420797426495 0.755379   0.0023802314117327803 0.7302114  0.001949399178110841   -4.575069999999999    4.7379500000000005 4.26073506 0.02832325 23.98999734 0.11206385
2457979.46932    2.023944497819446    10.387207912193736  -4.487960067280962     1.568274499674466  0.8198479860804425 0.0026903039353201176 0.7001759768098604 0.0023064493150758265 0.5865928528279568 0.0020337260655226546 1.0426065653151344 0.004178118888110986  0.42345393 0.0014106905386519388 0.75416017 0.002573905728114174  0.7292738  0.0020968705689713963  -8.74263              5.11934            4.24122518 0.02808506 23.96670283 0.11135791
2457980.63398   -6.690347170237051    14.894411922851333  -5.124473626460601     1.957185819969658  0.8346981924972265 0.0032584808918300393 0.7237056177531388 0.002804538995173597  0.6113569655277701 0.002459174506113406  1.2198874601463119 0.0059752057941851126 0.4209359  0.0010666351691751316 0.7610079  0.00205724938467483   0.7309934  0.0016729700615065683 -10.74427              4.0068600000000005 4.25482213 0.02748333 23.93935982 0.10860087
2457981.47081   -7.978314601451859    13.807030783363302  -4.784618118161865     2.265608844791287  0.8225898995171822 0.002752074473984012  0.6990879984782399 0.0023216628300255257 0.598315052203813  0.002057874136910097  1.0272517609605947 0.004271607942885087  0.41640574 0.0011877906665767194 0.76049346 0.0022544898194919003 0.72642493 0.0018427465249991446  -8.44962              4.399509999999999  4.2556612  0.02693213 23.98701976 0.10663186
2457985.44944  -15.088994278308723    10.169633139308303  -1.5387541159776799    1.3509060324918765 0.8220797631625273 0.0025576416610278234 0.6944965930429678 0.0021676623346680653 0.5939881450529142 0.0018960127363080131 1.0095178741457604 0.0038488950803859286 0.42013553 0.0015049126355933878 0.75948876 0.0027080638129284673 0.72092843 0.0021665860814298627  -5.9111199999999995   5.408180000000001  4.24727205 0.02727521 23.9774739  0.10809055
2457986.44788    5.970474660342077    14.484965851530218  -4.132686965250268     1.65861817020158   0.8226540737847313 0.002716999562751889  0.7074290152254552 0.0023029938869675586 0.6014325145565987 0.0020393780779970473 1.066753024504727  0.00428268707035019   0.41793334 0.0012176471805262063 0.7584025  0.002299490686100838  0.7229194  0.0018739416355097746  -7.20231              4.49268            4.25573576 0.02639721 24.01393387 0.10463633
2457987.44463    2.9400186070610492   11.282485021997132  -2.539000529069648     1.630968072022973  0.8262877200502108 0.0024822912480134676 0.7135710124488401 0.0020994936372666444 0.5974167226608456 0.0018437188173902853 1.0339898097104971 0.0037542023112268233 0.42208385 0.0011216968612683118 0.75847197 0.0021245793043765623 0.7256823  0.00173866616140396     0.08783              4.50173            4.25169628 0.02670361 23.9605586  0.10567131
2457997.44361   -7.081169808922653    13.300209156700234  -0.263851933125892     1.5963477234880474 0.8174209646557068 0.0025701883053819235 0.7016335842381597 0.0021687061048966277 0.5963510909814074 0.0019167441836697569 1.0165072837097873 0.003912819569371769  0.4177332  0.0011989696318166253 0.7544082  0.002259883353491779  0.7220681  0.001840210655906279   -2.3446700000000003   4.05627            4.25435554 0.02700774 23.95673304 0.10681105
2457999.40223  -10.22765744321503     15.129642900297094  -3.0642626130758974    1.6313706121624247 0.8162307467361564 0.003211926537821959  0.6989416555671373 0.002731199530092769  0.5885292572133796 0.002399514605580968  1.0347581717017054 0.00507553750062135   0.41869593 0.0010726915404698678 0.76270294 0.0020666012491822377 0.72740763 0.0016932484622329672  -2.96805              4.21982            4.25135955 0.02759279 23.94217116 0.10910917
2458001.40334  -21.831297279753553    17.6418622496947    -1.8248764428616784    2.320756905126568  0.818745263356155  0.003195593815166738  0.7034361732507206 0.002730654491381653  0.6068594921299012 0.002398599850167048  1.2102190519686113 0.005478146964635709  0.4194942  0.0011310043314055377 0.75834024 0.0021460068484572114 0.7279178  0.0017595280078347081  -3.1477               5.25158            4.2563955  0.02854237 23.96599704 0.11289122
2458009.42703   17.962792910086673    29.365571214700783 -15.403625287499766     3.114880672609003  0.8180074044383846 0.006212541941703756  0.6999212464906415 0.0054863189013604    0.6067331106214496 0.004995958433297823  1.0021081037067825 0.010244235024076443  0.42137066 0.0014640343533115338 0.760157   0.0026512501381349357 0.72991604 0.002137619063220318   -6.95316              5.22947            4.2641572  0.02756884 23.9624704  0.10888859
2458010.40072   -8.213026772961372    12.366082417054177  -1.7409416421167354    1.7745964937606784 0.8161249385148645 0.0025198068789270525 0.707597476219826  0.002127709236831959  0.6012728466748882 0.0018930290611830938 1.0444819963238614 0.0038457064437889916 0.41969198 0.0014326513864227487 0.76385057 0.0026521274981596713 0.73207265 0.002138699116688971  -14.961310000000001   10.51021            4.24588405 0.0282635  23.90922279 0.11169705
2458021.37545    3.7478744107953377    8.92403330502732   -5.574034393926397     1.3898758016476207 0.819529329924401  0.002463814296921507  0.6967553907785847 0.0020921697616271473 0.5979831795679725 0.0018293612260260094 1.0169077448710377 0.003722671298090231  0.40783522 0.0029421056603301885 0.7407646  0.00519267037500615   0.73197645 0.004128216851464209   -8.6901               4.10159            4.25038192 0.02869776 23.966705   0.11361714
2458023.43637   -1.552931033020815    13.393900034818087  -8.216161838299433     1.5771094265696333 0.8213313709370389 0.002856431733259271  0.7060893339154335 0.002380077512979499  0.6010993407492734 0.0021126320165852975 1.1494527293388515 0.004475460135725274  0.42088646 0.0011007248311309893 0.76005834 0.0021094093315042963 0.7282552  0.0017225660870439417  -6.10152              4.19884            4.25018601 0.02723986 23.98024066 0.10791294
2458031.46178   18.711349758718143    11.017958337593928  -4.483114757344447     1.5627955685074668 0.808399265845598  0.002454871911120936  0.6961398963185558 0.0020271285903147225 0.5873428615158893 0.001813416174439402  0.9807918073895502 0.003610403830369955  0.4192868  0.001126139344683858  0.76012576 0.0021425337883902973 0.7315924  0.001764504393266771   -1.7683499999999999   4.00508            4.24652078 0.02802401 23.97987671 0.1110833 
2458032.336     11.42212582881159     13.329548503749734  -5.999664293447186     1.4045557737541867 0.8298176237472719 0.00285615559680368   0.6975218005957984 0.0023263527316237623 0.5895535343761684 0.0021005199721484003 0.9935254117981428 0.004101498182087599  0.4208876  0.0011010494812101685 0.7623598  0.0020520817169490937 0.73035645 0.0016863409938721978  -3.6824700000000004   3.96158            4.23867964 0.02689933 23.95836612 0.10666156
2458034.46226   15.275453643970032    13.67477307186013   -7.825976776758897     1.588262550573666  0.8226610331031117 0.002794002372835467  0.6904237805261719 0.002374437618779329  0.5968113109646338 0.0020764380265273622 1.020270069000813  0.004327685146947397  0.41919613 0.0012160530559824178 0.7538136  0.0023133344903276086 0.72934777 0.001916975860272454   -1.17323              4.482749999999999  4.25966943 0.02806514 23.98633459 0.11104455
2458057.2935    11.490911475621278    11.275846007684123  -2.539492554987383     1.3575377312622177 0.8254428977864104 0.0023543725880314083 0.6967234384554628 0.001968036654380275  0.5903440031581655 0.0017389137865253925 1.000551897318454  0.0033578932488446413 0.41953695 0.0010627534854091571 0.75884634 0.002007525224073287  0.72762704 0.0016531752247950428  -1.9849199999999998   4.51586            4.23875355 0.02793377 24.00292937 0.11097853
2458175.72383   -1.3709308840032675   17.006188755057423   4.3682117157300935    2.097316342544284  0.8195980737129517 0.0034130189908901294 0.7070856310209866 0.002940156024125725  0.6060175007300187 0.002658085498938454  0.9765427213921813 0.0054068017294680625 0.42038193 0.0012124156439151878 0.75941837 0.002278286048469204  0.7334815  0.0018882661436676021  -3.5038               3.7580299999999998 4.22819474 0.02834069 23.85527939 0.11206281
2458209.66456   14.339288042769672    15.070942956391443   9.472482851186754     2.2322716447924917 0.8261263953273663 0.003448143352006303  0.7075974430661357 0.0030064365608771233 0.6069893010391383 0.0026172710724759437 0.9889836015661901 0.005237598024114066  0.4229839  0.001229676653753576  0.75940275 0.002315351777507946  0.7347758  0.0018788060372323795 -11.83246              5.6705000000000005 4.22899561 0.02807887 23.8527364  0.11100015
2458213.59337   -8.47311110464285     18.132245429366286   6.077771739992127     2.00413432802415   0.8219547708059507 0.004282187266821414  0.6991627184055391 0.003693750658918134  0.6066640883062647 0.003354992872914298  1.0270768421951824 0.007245621987737254  0.42283487 0.000999257341086231  0.7616984  0.001933144867839042  0.7346787  0.0016027814235900462  -6.582809999999999    5.60569            4.2246913  0.02724244 23.73988218 0.10723533
2458330.4305    26.734833223452206     9.535125324437852   9.204803776460617     1.5012419569695747 0.8140606358957816 0.0023448964951105515 0.6986241573506817 0.0019286178616655999 0.5991669851418419 0.001704444359650886  0.9956929398822532 0.0034116683242959595 0.4314754  0.0015759124337459058 0.75892186 0.002894506388101877  0.73560286 0.002363306777530214   -4.99273              7.1288599999999995 4.23804797 0.02786488 23.78246489 0.10964743
2458331.40156    3.6033100349068596   13.748793919254334   6.0902759567643585    1.9895848488783674 0.8241463621200156 0.0028135086964186764 0.7059584296120607 0.0023442151228363285 0.6010932131196355 0.0020839452103319192 1.0100052435415348 0.004290711619714149  0.4326043  0.0015391513564769084 0.76086    0.002899250701649347  0.7334387  0.0023433168182218508 -10.00616              3.7792199999999996 4.2303535  0.02769023 23.72256648 0.1088106 
2458357.49783   13.778110410923777    16.922163428697928   2.134717956791712     2.3513312331234957 0.8150520760246746 0.004069975606454947  0.6960348725892623 0.00353735499782673   0.5998608939630167 0.003129368671894421  0.992116312178198  0.006524565561892297  0.43556702 0.0019933833303307394 0.75605494 0.0035776422832477194 0.7397894  0.00291022566793983    -8.95921              4.60204            4.24038177 0.02799908 23.75974196 0.11002237
2458359.46141    0.04695884864489422  13.324530537461563   8.785034545009506     1.3233546769782876 0.8152087417804001 0.002683240982226452  0.6993597818715684 0.002256787276907044  0.5901145714727312 0.002011485845333363  1.0174573032907763 0.003958873695319067  0.4342509  0.0010108875915867494 0.7662306  0.0019580667366610334 0.73484117 0.0015969376177586761  -1.9808999999999999   6.83581            4.21419169 0.02879602 23.78368904 0.11377448
2458360.40549   -4.49785707953946     12.451744356673315   7.161098768576564     1.7231138832556694 0.8195446752035724 0.0027456547928858353 0.6976132827136334 0.0023562457210912885 0.6020154750616831 0.0020624189935096776 1.0030828579875628 0.004265837294504559  0.43338588 0.0012566037434220392 0.7674766  0.0023561490830471613 0.7298393  0.0019019315601635487  -3.48549              4.35187            4.22592201 0.02726534 23.71079687 0.10716486
2458383.50459   -4.816810776121038    10.981532934163985   6.489363134932332     1.6980312958317685 0.8233212429968033 0.0024227908056279066 0.6994778732978959 0.002024654343763235  0.5925707943546447 0.0017853334708575958 0.9982778887687843 0.003567501988993433  0.4306812  0.0019065790378623671 0.7656054  0.0034564996006373576 0.73373103 0.0027056170867558573  -4.00599              4.5714500000000005 4.23403374 0.02685662 23.78081042 0.10574283
2458386.51389   -6.610486719657083    14.58475570295732   12.229806948872225     1.7792020157345525 0.8228401447597522 0.0026072027445653177 0.6974761692540725 0.002204009915866993  0.6058032658089686 0.0019409380883789332 1.014197752753682  0.003991791178695057  0.42935303 0.0011830256196090243 0.76821697 0.0022374354119898297 0.734015   0.0018196931654915964  -6.6263               3.85573            4.23580411 0.02851952 23.78792885 0.11229231
2458433.44163    7.349120333977583    15.284591769957473  -1.431233996699642     1.9710195489253461 0.82444117857456   0.003565807314531728  0.6924330990133154 0.0030995417158963174 0.5980917192099007 0.0027278745821066796 0.990323999873049  0.005783565228235918  0.42958978 0.0012507160245746325 0.766489   0.00233540231481493   0.73260564 0.0018811404966727232  -1.56687              4.279769999999999  4.24141558 0.02829338 23.67352125 0.11073562
2458451.40478   13.779970727499856    16.802449675524322   1.3838979430448697    1.539463970154981  0.8209603306362312 0.0029447638462069907 0.6940906752966706 0.0025102778765218655 0.5927930340038398 0.002234931482124256  0.9998691298879031 0.004635330576219384  0.4293679  0.0010368597419028827 0.763319   0.002017775592790806  0.7241865  0.0016249757656933313  -9.01965              5.83293            4.21676524 0.02802613 23.83858007 0.11095238
2458455.36694   21.982920327867422    14.332236505002152  -1.6588549399320869    1.8367758242611405 0.8233276050144344 0.0036147508390735167 0.6994152903295527 0.00309124133476121   0.6044351394700441 0.0027312139943795077 0.998725674399895  0.005503465168967372  0.4306876  0.0011675707731810365 0.7685976  0.002185190881158964  0.7251131  0.0017605730882087325  -6.31917              4.78583            4.22564585 0.02824232 23.87126495 0.11180056
2458471.3282   -17.529202936636374    27.024402933063914   1.9822125599683322    3.7272256997109396 0.8258361212597461 0.005376044390476615  0.7014903960384432 0.004713997807555371  0.5988771961185767 0.004167495637235278  0.9985575660604172 0.009252680172094971  0.4267368  0.0016681909412214419 0.76178545 0.0029790680398565717 0.7271377  0.0023710541871100376  -9.03015              5.76103            4.23933985 0.029361   23.85740937 0.1158935 
2458473.33517   21.80814217937827     20.734159171652628   6.468111337330514     2.626442632928715  0.8192781215067956 0.004290784148241409  0.7007916486537994 0.0037711913877010953 0.6066756856120076 0.0033073835104394846 1.0252302161025622 0.007518831698566866  0.4286115  0.0013212040111111347 0.7582748  0.002437390679340023  0.7430906  0.002036295303272402    7.1785499999999995   9.250110000000001  4.24697625 0.03015379 23.68569113 0.11797365
2458474.32889    4.999760217734931    17.508115187566162   5.14131222654855      2.1132147283522995 0.817433390581989  0.0031123007388328557 0.7005169092783814 0.0026504789982132377 0.5999432331676959 0.002346844039821613  0.9834519929036951 0.0049050386329896715 0.432476   0.0016031190244365752 0.7566564  0.0030222160025561314 0.7355842  0.002441092797849148   -3.94639              7.43412            4.22528573 0.02605386 23.67021248 0.10223009
2458477.33066  -66.5444349842026      35.859896034846095  40.85626344202967      6.3911720420927915 0.8280380690592735 0.006120561612225985  0.7062738820340706 0.005477594555007016  0.6207671018399512 0.004898309450000781  1.0385387791265825 0.011806384270168582  0.43229857 0.002635661500757955  0.76444465 0.004629966605442203  0.7379941  0.003524992859840101   -4.37709              5.08265            4.23741247 0.02794943 23.78187304 0.10998876
2458478.32402    1.099292240226901    12.782364793867316   4.8115693018630425    1.4128190620765528 0.8195022474848669 0.002619825755979597  0.7043618558081439 0.002206636161261805  0.6008426738578008 0.001955813986390473  1.005702402429948  0.004247871729092729  0.43360505 0.0020859815346070195 0.7584357  0.0036348974605963287 0.73214394 0.0028770006582202064 -11.44808             11.38261            4.24024079 0.02843995 22.96578288 0.10783825
2458479.28582   11.297084988285599    11.204521359294919   1.07407141131612      2.7153550425191315 0.8207688112933136 0.0025511833832086582 0.708336893952074  0.0021474484527939327 0.6069156288806051 0.0019049381086947057 1.0687184831188588 0.004036740990072833  0.4289804  0.0014011695199234455 0.7602878  0.002595126055104235  0.73749256 0.0021401620559938794  -9.640030000000001    4.28334            4.24083124 0.02766652 23.79805968 0.1088921 
2458480.34474   -0.6822916369969996   13.559467498078924   5.925384236860919     1.7698476575246838 0.8201267405772351 0.0025615879355874566 0.697236270220888  0.0021702761304166762 0.5981225210379734 0.0018943996965305832 1.007209182371909  0.004331789549089056  0.44118732 0.0032337363079261803 0.7653921  0.005312925655846433  0.73172903 0.004034170520540892   -8.33803              4.1443             4.22592491 0.02773263 23.81776421 0.10951879
2458484.27713  -11.287212239394307    14.03017455620144   -2.1427453840795248    2.567811789996817  0.8185198005254267 0.003019675956247911  0.7026782911273652 0.00254224462129045   0.5973560802087235 0.0022297844150635255 1.0423584572123274 0.004646784926310628  0.42963684 0.0011875005399297753 0.7623898  0.0021731592291002488 0.7347956  0.0017856663917843714   1.47668              4.18303            4.23796941 0.02804026 23.75851469 0.11022203
2458485.28268   -0.4966520015385599   12.969896016207684   2.8289242265145473    2.3127901422551127 0.8377483929018509 0.0027757534525465533 0.7284022590953856 0.0023372912496047995 0.616200305760517  0.0020643672887443515 1.337993127246413  0.004649910081907754  0.42594692 0.001147910420895138  0.7550346  0.0020974391767601508 0.7386663  0.0017625015404057814  -2.94372              4.7497             4.2412368  0.02770705 23.91415853 0.10960435
2458486.26437   -2.0318977495314416   17.305854123824936   3.9701290784109893    2.8441587037917686 0.816256750118771  0.0032448808762179917 0.7014507136585976 0.0027037205339361372 0.59051400983863   0.002409203816178297  1.0047665377452901 0.00497702510956769   0.4263797  0.0011914437968297761 0.76175106 0.0021110327365209116 0.7328999  0.001745913531261897   -8.37707              4.272609999999999  4.24661809 0.02862528 23.84574493 0.11279669
2458488.28612  -15.09446838966158     18.272524893498062   0.7682978382905534    3.2421327461282616 0.8155398555937609 0.0032955399345570417 0.7041662071568137 0.002750578603874294  0.5934620248350662 0.0024775035560054763 1.0486617358756714 0.005306785212849816  0.42357284 0.0013006266693280858 0.76557297 0.00249790948688494   0.7319191  0.0019793239167707776  -3.23456              5.24504            4.23032735 0.02840782 23.85333946 0.11227853
2458489.27551  -13.973326780268755    12.406869696740296   0.6562431320533598    2.4524870004393944 0.8203523828838954 0.0028698946708871384 0.7010169000897584 0.0023780308498937753 0.6010588512538615 0.0021160979374416503 1.0322392270674203 0.004406553481647043  0.4238581  0.0011598293941404586 0.7604171  0.0022318248715342574 0.73273194 0.0018427683038574649  -4.81154              5.30567            4.25410978 0.02956399 23.89024554 0.11658358
2458490.28647  -10.871384366983186    14.930194471111138  -2.9607834916861813    1.8718754678556158 0.8148173245806015 0.0027832277227210385 0.705335847783564  0.0023046592783678753 0.5982437515075117 0.0020326628428085896 1.0445330840568554 0.00432819983116694   0.42692935 0.001436446417654567  0.7573904  0.0026514046279234563 0.7352015  0.002165213514299818   -7.19185              4.51014            4.23542202 0.02795355 23.87376746 0.11048879
2458492.26599  -12.80517283553084     12.320950571320866  14.292286729971714     1.7369838583417359 0.8269996870300541 0.0028443778168101715 0.7080850569773339 0.0023877826661828252 0.6022679668869666 0.0021111448862134166 1.0477165212964066 0.004458694710282393  0.4219688  0.001460690753702847  0.759887   0.0027137116882984644 0.73548245 0.0022003415186900325  -3.2970400000000004   4.34106            4.23844797 0.02811692 23.95157605 0.1114601 
2458493.26608   18.668741325724316    16.117698057251697   4.687342192976869     3.258578909457126  0.8239283126166761 0.003252568830989298  0.6958857531412931 0.0027243603277312457 0.6002246196648086 0.0023968727391355834 1.019642609272532  0.005212044749806121  0.42332175 0.001243408557836707  0.7556778  0.002315117073607017  0.73757523 0.0019348582010006448  -4.37494              4.567060000000001  4.24414243 0.02840111 23.74864689 0.11147861
2458494.29253   59.40062235465161     40.78205681397303  -26.23154125556605      7.772562471853866  0.8262170476054086 0.007477664913249098  0.6960489933703319 0.006885955457333611  0.6322880109416678 0.00649612902297371   1.0058183186073693 0.01570786306413601   0.42399096 0.001191671021928697  0.76003253 0.002266370905959491  0.73304737 0.0018550909812781206  -9.09706              5.27895            4.22529528 0.02743567 23.82320719 0.10838385
2458495.29295   12.931076743228356    16.518310166632595   1.0406499019693125    3.6407132459907876 0.8214763779603493 0.0035688724341674236 0.7206624389547767 0.0030708301422592986 0.6075389724626813 0.0027060643790745367 1.0852513796681624 0.0065275036928658815 0.4279234  0.0012473239321361207 0.766281   0.0023722140066473113 0.73051286 0.001925831828491347    4.45373             14.01426            4.22325321 0.03029361 23.91233403 0.12018697
2458497.30208    8.743785827850301    13.217524413596948  -6.8126671853811445    3.239615112494266  0.8306100945525196 0.0037729812366177197 0.7077667884301063 0.003299729610190953  0.6097829926366173 0.0029284549165607197 1.1585289179262845 0.007232030142133834  0.42450228 0.0014451659832653459 0.7671082  0.002748261638633673  0.7313023  0.0021651455051788673 -11.62305              5.92056            4.24381033 0.02866398 23.84201455 0.11298222
2458531.73874  -49.47516373505795     31.37983329869847   -5.484721536669801     3.840675397469934  0.8305135197366237 0.005869400834021685  0.6944482295694608 0.005157184035027409  0.6122046890928463 0.004711098615253407  0.9927468511811929 0.010376262675065315  0.41306677 0.004047598410455645  0.7558142  0.006617341741650502  0.736312   0.004859143335507426   -6.864999999999999    6.27897            4.23239511 0.02826255 23.86729411 0.11173465
2458534.71888    8.96768904845714     26.713029130336682  31.892100941930067     3.707826517509538  0.8216041600059808 0.004666744752745893  0.7021296520559057 0.004118200064847001  0.6060135298071994 0.0036850264742959737 0.9887919121418004 0.0076055156853468    0.4233352  0.0016785391373399373 0.7571961  0.002980656332198591  0.72999024 0.0024190199048564954 -19.49355             10.01406            4.24226769 0.03309763 23.74777316 0.12994803
2458535.72868  -10.220700263339095    20.856469974576992  15.909376044854692     2.477556168722985  0.8180103838158439 0.003572035449873949  0.7007381650575303 0.0030451550330323858 0.600855353032562  0.0027136998119673484 1.0054214178847933 0.005730618906096643  0.4239552  0.0017992900522684995 0.74881285 0.0031080736428760773 0.7358848  0.0025422977535671312  -8.382719999999999    7.92913            4.24273882 0.02984297 23.34453756 0.11506999
2458536.74085   -9.015887830505983    15.893055727661107  14.690251526578825     2.26050083807446   0.8246727166235932 0.0032269483738739994 0.6967199167544728 0.0027771280227461646 0.6050270181028929 0.0024616088335380286 0.9906701960527003 0.005117217215913465  0.42537805 0.00290659199408721   0.7525496  0.004953428538101922  0.7349231  0.003858663017878108   -9.29782              5.935379999999999  4.2602894  0.02633869 23.61531521 0.10250599
2458539.73776  -34.27285409797235     14.666774378238333   9.920824880979557     1.6688344877588186 0.8205896557369616 0.0030013732354179836 0.7090256119057716 0.002495706316055358  0.6054012825545629 0.0022083250545926387 1.0289743252592    0.004601404100682389  0.43235338 0.0021833787850286173 0.7574887  0.003946558856857613  0.72770196 0.0031652561307652814  -5.50068              5.43879            4.24849966 0.02670571 23.6795759  0.10442908
2458541.71141    8.115821107646664    21.741389032685788  -5.521771482675815     2.488041107668046  0.8268155944382561 0.004156880362657192  0.7011987829883465 0.0036109424310494043 0.6154924174407065 0.003271733915164608  1.1458834762909798 0.0075361101296975395 0.42655906 0.001644761901818864  0.7513389  0.002967639776092576  0.73510396 0.0024354967474736664  -7.50522              4.83216            4.25301563 0.02649144 23.75683684 0.10387129
2458542.71159  -21.7419067806706      18.82155936948784   -3.8032811295414066    1.8563825069069064 0.8254144720520066 0.003506409810565473  0.69941267151561   0.003051322035766174  0.6034583237252744 0.002699778860592802  1.0872459166804167 0.006023623468134992  0.42708233 0.0014609325216518594 0.753511   0.0026809890237469904 0.73436904 0.0021953168737465865 -13.95552              6.95486            4.23579183 0.02930351 23.86060209 0.11575034
2458544.70695  -43.93127713532881     25.842604749731652  -2.9288626328316876    2.468601696487083  0.8273891092860345 0.004614776791541116  0.6921382726431953 0.004088028925847412  0.5934026498939367 0.0036389794367111166 1.034466128206433  0.008618966240455312  0.42628706 0.0013024376917309388 0.75133926 0.002429722104691304  0.73179376 0.001987584262613466  -13.03431              5.83886            4.24928426 0.02701547 23.91631529 0.10673881
2458545.71331   -7.462997651528195    24.65702084687356   -9.683686627267642     2.473106782219933  0.8126303462166325 0.004513978854971075  0.6990917270951424 0.003982804868628628  0.6044524169111404 0.003599237287819934  1.0162129648712306 0.008146837296398774  0.41954792 0.001951581304899514  0.7478999  0.0034575474178416468 0.72894967 0.0028428355108165754  -5.70253              4.82092            4.24087409 0.02803476 23.89983078 0.11083744
2458546.70488  -17.98703600488998     18.542758706903914  -5.070674094873492     1.886307982506939  0.8297296632508923 0.0038987715403505058 0.7035231855772431 0.0032881877251525735 0.6094941782745309 0.0029256897370122715 1.0427004340659398 0.0066405932308314045 0.42155012 0.0016314343016232127 0.7503252  0.002909697926238916  0.73300296 0.002391179078870981   -2.68197              7.9793             4.25243549 0.02629    23.91150699 0.10379777
2458553.70345   -6.2326950359054685   14.257060441926944   3.2708985016862266    1.3669145252621724 0.8247256195719223 0.0026575428984247956 0.7009624271351362 0.0022260147790474994 0.5952707866450778 0.0019570108296404942 1.0907056629025147 0.0042799902516750445 0.4218972  0.0013193082360089708 0.75622344 0.0024203244464243894 0.73425233 0.0020210599776188157 -11.88171              7.89979            4.27121777 0.0278457  23.984518   0.10996726
2458554.69787  -20.552507811123395    14.47888613069103   -1.5513785223392607    2.0682576419204333 0.8137160162546538 0.0031095446194467358 0.6987078692011998 0.002619979232270077  0.602999090074025  0.0023496531816041685 1.0178535328804816 0.005205559052365088  0.42341596 0.002336440296617698  0.749592   0.0038765863835920704 0.726961   0.003061451189148643   -6.77946              6.44846            4.23053719 0.02589323 23.91172554 0.10259989
2458556.65089  -46.34696758176367     26.945673101569817   4.035179911909085     4.892201496467446  0.8213650605949054 0.006526408870323882  0.695655964600266  0.0058867487344447045 0.6188006619000564 0.0053489370381351415 1.0260306751648376 0.012028943096676573  0.4232109  0.0022279426191089543 0.74459356 0.003806180676385474  0.73186487 0.0030487697701838644  -9.07286              4.252739999999999  4.25167632 0.02824959 23.90018801 0.11149261
2458557.72117    4.11551289373299     13.589670979311213  11.400293988945014     1.5833792762991865 0.8170771886049629 0.00282600453629354   0.6943966812341833 0.0024247413402692956 0.5873996649437555 0.0021622122908928954 1.0113157124598164 0.0042791590421867535 0.41952193 0.0017866122175825916 0.75152165 0.0031674843772280157 0.7353454  0.0025802722542597237  -6.97454              5.12841            4.24925501 0.02851791 23.94173526 0.11280164
2458564.71538  -42.0622883629483      26.874300119528815  20.656593195897226     4.301496052593885  0.8063455304725865 0.00517853790500729   0.6892090154756173 0.004603605701554338  0.5964015822005894 0.0041333195369842035 0.988475962107316  0.00921381594125866   0.41931528 0.0011519034478019061 0.759825   0.002211226644185014  0.72987574 0.0017969018187845704 -31.14617             11.37297            4.25123841 0.03216981 23.76836615 0.12623629
2458568.69048  -29.34857509057764     35.16808737060047   14.164624522104326     5.124383514335972  0.8201510297879291 0.006435936013495916  0.678128697151602  0.005791622964764543  0.6082354902097913 0.005306316584356459  1.0361572009780582 0.011858263945984611  0.4222083  0.0014320320433864747 0.7570863  0.002573395187841568  0.7333059  0.002088420792853354   -8.56817              4.61581            4.25454502 0.02652963 23.79482445 0.10417052
2458570.67629   15.628223777308683    29.718678029511903  -0.21906436767944643   3.084769587313959  0.8112798788515246 0.00587989937998537   0.7141506152350839 0.005333074481817958  0.6077028166380565 0.0047637199966245655 1.0512844116611637 0.011023985688434169  0.4246555  0.0032439821911244325 0.7448948  0.005536001199701295  0.73654884 0.004328614718761522  -14.32254              9.06179            4.24325207 0.03065156 23.50743059 0.11904439
2458585.65829  -18.07509349904529     34.06408696182361  -10.250281779633351     2.746224435806695  0.8627321625102563 0.006216972306588742  0.7737434591139781 0.00589612379695533   0.6470253815945941 0.005202696830669794  1.6015723376228759 0.014053638421699214  0.42361784 0.001239677355933415  0.75524837 0.0023575321387544253 0.7285451  0.0019457015258434157 -11.46902             11.70515            4.2690522  0.02941083 23.54234137 0.11393292
2458589.65659  -40.405874519449576    32.02718562732213    6.589668386130854     3.2735501360442667 0.8281393278225541 0.005403752900605421  0.7317800885303801 0.004826934022601826  0.6295408327752059 0.004305703618496819  1.2384313395650668 0.010215748931509701  0.42569616 0.0025825876440789303 0.7575949  0.0044487581433007425 0.7352254  0.0034375897374786806  -3.14123             10.50044            4.24699276 0.02431582 23.80466863 0.09563582
2458597.63829  -35.25451189461609     57.115490915198876   1.1484535995219285    6.080340726377667  0.8213055571001641 0.009759593300049035  0.7021773031987618 0.009256038947824757  0.6293039168653044 0.008262698565654149  0.992190643970038  0.020170396842836624  0.426863   0.00336889071021077   0.7613829  0.005740052541109525  0.73263955 0.004308534060368528   -7.9526              11.17969            4.23212316 0.02788311 23.92729224 0.11053116
2458599.61563  -45.54169160775808     23.59321137402789   -4.069855602654971     2.737330107143238  0.818934430398936  0.004744314512920165  0.6898999453440791 0.004169197024068796  0.6007750656083799 0.0037150936297679063 1.0095866013563117 0.008478113174797783  0.41991368 0.002987054695767442  0.7519227  0.0050880107223192535 0.73798984 0.003887537607624931   -1.4773399999999999   9.403989999999999  4.24250928 0.02759494 23.69553032 0.10808956
2458600.63345   -6.596096605996362    12.597357295836106   1.0765553916573363    1.3357959058176831 0.8107732031812429 0.0026647967463665156 0.6898706855454434 0.0022300007603024315 0.5837732710700584 0.0019701013489343577 0.9864240014947188 0.00396271786678549   0.41577357 0.003161818166444123  0.75532764 0.005345478641888623  0.7350578  0.0040701001876303645 -28.93362             19.88166            4.30174213 0.0357688  23.60696705 0.13827989
2458603.61627   20.64488916564614     11.98040081032144   -1.15541746444008      1.3174577482760914 0.8146373604244839 0.00264105389320952   0.6996954363477835 0.002245884736802198  0.5905483830046778 0.002018721942028439  0.9790293225006684 0.004073343998000115  0.42914903 0.002661680988428158  0.75884175 0.004641198332147317  0.72756755 0.0035406981417584293  -5.87896              8.241739999999998  4.27516771 0.02731871 24.00212204 0.10790378
2458604.62949   16.90743037061156     12.78031877597188   -0.3369719332886372    1.3812731623112566 0.837944022151004  0.0026033099331181056 0.7150489347978999 0.0021955090030332854 0.6068643104512291 0.0019322818863156913 1.212187751955376  0.004487983589204486  0.42520782 0.005491516177000026  0.76107365 0.008972412843065995  0.73503655 0.006279758256736136   -6.24153              4.318309999999999  4.24745616 0.02718067 23.87373445 0.10722193
2458605.60401   -8.572023260972191    25.912466234353623 -12.065960826044444     3.184873224938509  0.819652496712006  0.005205547763182969  0.7003403879105599 0.004636294148556845  0.5975017522154666 0.004106401666314048  0.9652414903268484 0.008999001239697282  0.42547056 0.002324143094476306  0.74869686 0.003998647253683459  0.7382891  0.003148561125203454   -4.29941              4.38106            4.2378851  0.02683831 23.84883833 0.10592093
2458608.64537  -16.929841771821224    18.992138439171143  -7.8819966998783135    1.8467039275147368 0.8176291813192331 0.003570148246896099  0.6997613855230995 0.0030696801416874864 0.5965193588669414 0.002737968729617308  0.9911220721806473 0.005904209123588008  0.42389515 0.0011513161981025848 0.7586481  0.0022118997091001985 0.73123497 0.0017765586456989294  -3.3041799999999997   4.28204            4.23634345 0.02714537 23.89475458 0.10737725
2458609.59085  -57.82736722294221    173.23115934226092  -46.38642859069412     12.325200607140575  0.8192381913901534 0.012415169050605813  0.6709088956256759 0.012401840389525687  0.6457020021147092 0.011313394404397785  0.9714442087187256 0.02704848543408654   0.4259235  0.0011902611283512799 0.76365954 0.002256456049886128  0.72488236 0.001808006922400841    3.04786              9.1485             4.26410248 0.02977377 23.92847279 0.11742243
2458610.62099   -4.176402385648006    21.58125315992137  -14.200817338748658     2.7723630904128886 0.8169154159202496 0.0036917905240758954 0.6934289578992516 0.0031916981594397546 0.5945552830415547 0.002828558830658575  1.0195847482111013 0.006097975055789955  0.41940555 0.001154123425473994  0.76653826 0.0021965212662297374 0.7246797  0.0017513650284580234  -7.36063              6.152010000000001  4.24160158 0.02731654 23.92796812 0.10811885
2458614.58503   -8.558349216532381    12.246749249803642  -2.9296039343364226    1.6926546329787073 0.8163663227789794 0.002788553773985578  0.6946154541139746 0.002359017854283018  0.586403673276764  0.002121498512777298  0.9773798175108817 0.004380882683649754  0.414845   0.002559328696600905  0.7548221  0.004556328720550763  0.72549504 0.0034473811222832966  -2.92557             26.60792            4.21032191 0.0381144  23.89110028 0.15142768
2458615.62541   22.551071345858933    13.103965442583647  -3.79642842156091      1.7771120444060218 0.8190171099518486 0.002738599946061374  0.6968161426326638 0.0023140350667734213 0.5910401398137831 0.0020733004467377684 0.9892936533882819 0.004305049193064986  0.42608958 0.0016991864979885851 0.7608687  0.0030569686889112776 0.7348036  0.002425458503250182   -6.68877              6.1827000000000005 4.23701373 0.02841176 24.04940064 0.11314263
2458616.63251    2.943379661483707    10.699880094876654   0.2678146931607502    1.697407110573997  0.8164056887256934 0.002490849701329575  0.6959137321474422 0.0020936857578526488 0.5936684453464901 0.0018692803033851704 0.9901891237590356 0.0038515783438672177 0.39953634 0.007253161860326184  0.7314042  0.011389627970748162  0.7490319  0.008339178204347571   -6.23897              4.635560000000001  4.25379207 0.02838723 23.93987077 0.11219484
2458617.63303   -9.624495320565131    12.297680837013871  -6.270852854535864     1.4841625328082741 0.8172135584667636 0.0029583039041659173 0.6963604899949608 0.0025295804855436834 0.594813421321068  0.0022318174720676767 0.9960062488575    0.004850373473531229  0.42023027 0.0017129117858802863 0.76106054 0.003133531319846098  0.72976947 0.0024705312446460675   2.18497              4.5668999999999995 4.23684544 0.02780352 23.89005332 0.10994906
2458618.60707    6.576050305567982    10.806096783905515   1.658671715296194     1.3671907296887447 0.8173202619860405 0.002426476443736939  0.6958811972033113 0.0020421449718102448 0.5919913482536764 0.0018099352458241938 0.9842259863226579 0.003744537547388708  0.42179716 0.0012610645085466658 0.7575915  0.002368718902572889  0.7290553  0.0018959849111012813  -6.0694099999999995   4.14717            4.24599472 0.02758161 23.87371891 0.10882962
2458626.62195  -13.73084545998947     11.991398963188326  -2.1574415392199673    1.2712335800670078 0.819763602798582  0.002584327943406361  0.6909073935563691 0.0021960140582583435 0.5858619801763868 0.001955016002403994  0.9934193709547778 0.003992026833868432  0.4229004  0.0012419271034171532 0.76568514 0.0023368865942684173 0.72650886 0.0018457696423040762  -3.0923399999999996   5.06682            4.24584073 0.02805733 23.91678562 0.11091954
2458627.64721   17.12842214316165     14.509072431975616  -2.209463732820912     1.8088751781386045 0.8193579967389587 0.0034025691616604617 0.7004464247176241 0.0029283829748650092 0.5878261742379024 0.0025619377355270445 1.116169176400357  0.005648718962950356  0.42561343 0.0011381377740146026 0.7617052  0.0021111236592273107 0.7305809  0.001703351907709679    0.0324               4.058960000000001  4.24666115 0.02767609 23.87303833 0.10918705
2458630.64746  -23.19926648842671     12.819640002516358  -3.3859895905429203    1.054397790256002  0.8158545725858424 0.0025986888178114536 0.6835029610097292 0.002155134797067237  0.586918389823186  0.0019158302161661025 0.9604981003346198 0.003864443925053493  0.4237836  0.0013875704171603834 0.7581409  0.0025345533607963083 0.7320178  0.002030481740212387   -2.37308              4.39036            4.23539695 0.0271701  23.85003324 0.10728029
2458631.65478   10.562524138152094    15.437170971153215  -2.845964960465656     1.7674743796441794 0.8114166924421556 0.002907746062511991  0.6799076747884768 0.0024534451250523706 0.5829616713702752 0.0021779151675755163 0.9721554821227834 0.004521133481821786  0.42253298 0.001086916977400535  0.7629626  0.0020596653789861762 0.7295446  0.00168001973784499    -7.610259999999999    4.335529999999999  4.23107643 0.0272405  23.84252446 0.10760001
2458636.63529    2.619135359119892    11.57864442372871   -3.4013823783127184    1.4373265819596714 0.8115562867125021 0.002724399495363989  0.6984393615836604 0.0022777269971279088 0.5857304164656373 0.0020309576260946873 0.9932690972878023 0.004172252911619621  0.42492187 0.0011802254473100395 0.7625318  0.0022247840200629865 0.72823143 0.001790661633764072   -2.5965599999999998   5.66552            4.23536537 0.02754338 23.89782025 0.10898407
2458637.62929  -14.602875845444304    10.783747658756878  -3.8989143169891665    1.290272340263629  0.8100813970408821 0.0026335468025461407 0.6947015453966833 0.002189091595633317  0.5822295954761576 0.001953962695987516  0.9578228445175272 0.003997494555143471  0.4258564  0.0011810409547069992 0.76251805 0.002226393421626687  0.7277271  0.0017961331160261473  -1.2494800000000001   4.25264            4.24021449 0.02870694 23.9659803  0.11383808
2458638.6483    23.392875698306657    11.207357555926764  -4.0031863190674315    1.5261369904525106 0.8146370199980174 0.0028379957408676765 0.696751519629031  0.0023778656121807976 0.5888817849655105 0.0021334874871617765 0.9530902868299429 0.004303166107632539  0.42499393 0.0011832092825295776 0.76304203 0.0022000954228810848 0.7335815  0.001786604687958305   -6.0494900000000005   4.843100000000001  4.24785212 0.02887783 23.88180308 0.11395032
2458640.61421   -3.7470343309932055   20.771201479259705 -13.368051247994893     2.5479397222112983 0.8020932107050841 0.004557217490057007  0.6951337252805267 0.00400403043777712   0.5930557978556661 0.003550695172066275  0.9532951652897553 0.007936428823877332  0.43012547 0.0015885009432907286 0.76272374 0.0028895057942570244 0.72408885 0.0022687774928167306  -0.40551              4.44923            4.23475973 0.02822205 23.93910613 0.11188378
2458641.62816   -5.776538839784248    12.723642863399418  -7.197314283626438     1.2219152685415318 0.811493027832984  0.002995133987603564  0.6993939670074903 0.0025160139031555405 0.5955259462353292 0.0022277608254687438 0.9758385166543052 0.004614613300004906  0.42390916 0.0011478192580262878 0.76244843 0.0021691926827893185 0.7310614  0.00174685187377886    -4.85377              4.33894            4.24288801 0.02827716 23.90682787 0.11179334
2458644.62908   -6.954136614176103    30.787176029853207 -17.266151278641296     3.1274612013172405 0.8237662224623963 0.006313708163435339  0.7014221269285044 0.005650771519142792  0.5963741025310847 0.004992080102335678  1.017982823481668  0.011917307226974627  0.4220291  0.0013087496096157118 0.75905025 0.0024436239685652564 0.7273493  0.0019514639813418414  -5.37474              4.703790000000001  4.23658819 0.02839196 23.88037363 0.11223267
2458645.62764  -10.558061936265927    15.072504503142675  -7.176298286641895     1.7072536880691995 0.814313064866849  0.003313661165841329  0.6949281141084068 0.0027927103965827817 0.5963647804316853 0.0024854092096117226 0.9621597958110008 0.005259051674528398  0.4216104  0.0012024007985552043 0.7622736  0.0022913076204220248 0.7370195  0.0018329176381452637  -0.66862              8.0874             4.22440576 0.02635436 23.85949707 0.10429509
2458647.62102  -10.3878481893067      24.686164985929672 -11.570388387387277     1.974322393597165  0.8079000138049742 0.004026587474711698  0.6906364573894012 0.003454099713809413  0.601672759828463  0.0031056394233958404 0.9735911387825034 0.0066075016678707075 0.4248325  0.001178321365338242  0.76726395 0.002223997461156228  0.73438984 0.0017822601098598208  -4.17281              4.94125            4.24009329 0.02620476 23.93747381 0.10378757
2458649.61032   36.97886865040673     16.443129837036448  -5.57135355402067      1.7449009282402879 0.8116382156058389 0.0034262812731063745 0.6916508047142357 0.002875912074881337  0.5923688660241251 0.0025401631947357542 0.9698963282001797 0.00535179282936553   0.42506126 0.0012719498523525998 0.7559668  0.0023621405713677196 0.733814   0.0019232782273813475 -13.42146             11.35735            4.23917202 0.03052843 23.8321859  0.12037294
2458650.63566   16.569943456135636    12.038424054785095  -2.8412516330954642    1.3970161187105454 0.8194632601344283 0.0028222672676517235 0.7030915982690841 0.002375004347064376  0.5954116553503626 0.0021285711480077277 1.09189926566758   0.004489788456926369  0.42094284 0.002252862895391788  0.7608474  0.003973500827061329  0.73283243 0.0030634233980060097  -2.6917500000000003   5.567500000000001  4.25067004 0.02894765 23.98468372 0.11469165
2458656.57878   19.647937069655946    10.154568646131592  -0.7108298766515668    1.3942232751818942 0.8108987013622228 0.002590699528129915  0.6971939778186576 0.002164850198212483  0.5902205280834454 0.0019290586741275769 0.9961415201460403 0.003971862898418045  0.42374024 0.0013494821476736354 0.76348907 0.002537438832826955  0.7317231  0.002016586044670258   -7.58735              6.76968            4.21881889 0.02912922 23.92378732 0.11571246
2458657.60573   12.292352043741337    11.920569616431111  -2.3071222797544313    1.140571617781892  0.8137506940726832 0.0025930854900509297 0.690804070840347  0.0021916415990323366 0.5848169095963114 0.0019383980099885486 0.9892144097777553 0.003825807743102818  0.41727576 0.0032490285581440372 0.76349354 0.0055593620147044165 0.73189837 0.004124000626136049   -6.0562000000000005   5.70665            4.23915112 0.02882208 23.97007471 0.11433565
2458658.60904  -24.843937808367816    16.021305617429096  -0.5295110029585435    1.6380471074709537 0.8170785817429335 0.0032405648217566294 0.6904610130347257 0.002776499572456849  0.5865649466207131 0.002453056707921126  0.9802912439357911 0.004883806070385119  0.42295974 0.0015192958310062778 0.7593693  0.002790723923648133  0.7309451  0.0022240018381220997  -0.41688000000000003  4.638319999999999  4.23351768 0.02753473 23.88632025 0.10892805
2458659.62531   12.805232457755569     9.850201125438259  -1.686898980231843     1.2282616585671204 0.8170559138280118 0.002404361680692364  0.6985660404225507 0.0020220921815595413 0.5932403729575461 0.001800779451486009  1.09565596428315   0.0036644850079276294 0.42697012 0.001910303475142829  0.75734556 0.003448779778096683  0.7219847  0.0026694561785426374  -2.6085700000000003   4.29299            4.25017162 0.02741304 23.89655974 0.1081999 
2458660.60118   18.6377003406402      15.280033124547355  -0.5070549401101632    1.5200094896738032 0.8198890582072971 0.0026576231646810674 0.6991263834875581 0.0022430058676727173 0.5952285481934083 0.0019870536640552846 1.0709954397790107 0.004068290473298294  0.42345467 0.0015640418429195126 0.7575056  0.002888680992528518  0.73694587 0.0022979424629433     -1.7366000000000001   4.23541            4.22010751 0.02759281 23.84211644 0.10919164
2458662.64578  -16.866376468708598    15.70555457817821   -5.835863476711495     2.092185038506362  0.8139349967000504 0.0036917258965384952 0.6890832398469314 0.003230260443544999  0.5885456017080395 0.002860916373783252  0.9774846729583931 0.005972939016219314  0.42585632 0.0012484896375240075 0.7629737  0.002360762518226497  0.731336   0.0019135610405186707  -3.02874              5.32495            4.21828185 0.02710077 23.84028266 0.10726921
2458664.57022   27.536573687753354    12.047356635705281   1.5954557663983306    1.646259781866436  0.8165000229755947 0.002430088144545791  0.6929000532453049 0.0020683943308303096 0.5873462115849802 0.0018126998989848415 0.9672982307367097 0.003592997448701376  0.42358524 0.0011628465233467563 0.76329386 0.002172529087958455  0.7362469  0.0017702365132969589  -2.1825099999999997   3.86298            4.22601163 0.02875324 23.85515361 0.11373532
2458665.6411     6.2645723827990105   12.938243548362022   0.7369715367152243    1.2558651385117519 0.8212424680029681 0.0024255751377188495 0.6995990236343022 0.002048296497089011  0.6026032137227751 0.001811720202993903  1.015954521731492  0.0036452286845943976 0.42677572 0.0011345293334378726 0.7660694  0.0021750247801832815 0.7304763  0.0017574006409392321  -2.74999              4.30216            4.24241985 0.02885433 23.85466816 0.11382187
2458666.51315  -15.12165338127206      9.751232776477437   0.17718068543390023   1.3207429265733637 0.8187183232786392 0.002395510955397563  0.6886570566850954 0.0020339759738059217 0.5974558581213164 0.0017896345156282862 0.97942849269061   0.0036720070745572104 0.4256225  0.001446101089487878  0.76416457 0.0027486747113648962 0.731223   0.0021914055949635194  -5.386                6.271579999999999  4.23795738 0.02730333 23.85592277 0.10778908
2458669.58268   11.746387326721338    15.853909067685882  -5.6560680673173005    2.1432919247474067 0.8180193008162435 0.003452395905296539  0.6954005776848388 0.0029802975444119663 0.6012968547638724 0.002658616852020403  1.0700079624024164 0.005769880851518761  0.42431724 0.0010327996857036302 0.7629458  0.0020055183316763704 0.72522575 0.001620926162640016   -2.02489              4.0099             4.25116844 0.02877798 23.82881407 0.11323023
2458678.58412   -8.687558424205534    19.409281474003368  -0.36719839849082003   2.656040301036815  0.8150249261084413 0.004504663303942941  0.6938514748191644 0.003951723683295508  0.5985578083855471 0.003477924700626287  0.9831986650113291 0.007407431002419554  0.42502326 0.0011601584577975064 0.7610571  0.00221369556936395   0.7277115  0.0017915991175848653  -2.15185              4.00895            4.22652006 0.02713084 23.8280284  0.1071803 
2458679.55229    2.289021695947355    14.054962021145126   4.4903421127479035    1.7839110247754195 0.8193236790612436 0.002989397422159941  0.6956669037090919 0.0025323210055254726 0.5985805944668081 0.002221175381854663  1.0176728651718876 0.004660703721560218  0.42680347 0.00173349817114993   0.7648728  0.003203315022440356  0.72691727 0.002506100333275272   -1.18924              3.9941899999999997 4.22961538 0.02746817 23.85985014 0.1086089 
2458680.5515   -16.627749060517687    12.434382236130935   5.797646513354072     1.507312532988399  0.8200910577669932 0.00236232413686065   0.6926881379725875 0.0019724575843986657 0.6028453870216935 0.00172324454260961   1.0058330293399826 0.0034533298201753085 0.426702   0.001343390130078349  0.7639446  0.0025415388023153963 0.7316835  0.002048034634010487   -0.17731              5.83765            4.22253885 0.0258197  23.91421364 0.10245771
2458681.56115    0.8882289324119312   12.792752900393797   7.124510967117807     1.613064500033694  0.8224225482862827 0.0025372339178456865 0.7004245041665706 0.002132937161726012  0.5969564544737813 0.0018894334694252951 0.9951353152921039 0.0037784812040129725 0.42790416 0.0010904734052749783 0.7701894  0.00208896996379348   0.73131305 0.00167260997532742    -5.845750000000001    7.72385            4.22168594 0.02796408 23.75881972 0.11022451
2458683.53907    4.767308922622267    12.811272879846317   5.67056506702633      1.6015206116861946 0.8206949187929403 0.0025155743570423493 0.6970236713557714 0.0021227034417307072 0.59839345098402   0.0018795968572825937 0.9978932297528098 0.0038202384240658117 0.4262081  0.001068859568969472  0.76575285 0.002069083730320598  0.729761   0.0016695229138802632  -3.89806              4.96448            4.22992555 0.02615351 23.80768698 0.10316762
2458684.54373    1.6555089696154557   18.532969010765132  13.824724200210555     2.2915989228246922 0.813829413552682  0.003390548070949498  0.6957601416532999 0.002926075060892758  0.5959201698913196 0.0025987541192948682 0.9926948778575588 0.005419331087815933  0.42937887 0.0010787334767290357 0.77063406 0.0020588373131497583 0.72280633 0.001635272341395089   -5.63477              3.81974            4.23349444 0.02739305 23.76318664 0.10778016
2458685.53862    4.663091014389271    14.025822793284242   4.079061628473928     1.5649102246739006 0.824187178004604  0.003102104353602365  0.6992334346394115 0.002607712162453035  0.599298047471719  0.002341064230635239  0.9821845417453655 0.004670806259179322  0.42748106 0.0016158393578246369 0.76443255 0.002997815901473309  0.72696185 0.0023789636456296864  -5.00047              4.210389999999999  4.23945722 0.02637455 23.7538964  0.10362778
2458687.55613  -10.754917089477146    12.720663925777204  -1.6955276214989217    2.062029158206443  0.8221966468641067 0.003642809206583879  0.6936178159328902 0.0031419585923341434 0.5918827382892904 0.002824736745998058  0.9841973332328653 0.005896322397390871  0.43129486 0.0021598263047472917 0.76295334 0.0038806955788833137 0.7291113  0.003027423004605597   -0.48222              4.18026            4.2361384  0.02751099 23.77009223 0.10822992
2458688.54204    5.3793803643038185   13.389934599782041   2.1632973893092853    1.424294384594685  0.817319235468864  0.002648728094719937  0.6896157473152359 0.0022306554022601334 0.588103967360723  0.002010658070451196  0.9859046189035542 0.00405353355469133   0.43107188 0.0013419309598805124 0.7684129  0.002528168285799841  0.72583866 0.0019969373791549937  -1.0806399999999998   5.85886            4.25222899 0.02807345 23.59975613 0.10932236
2458690.5332   -12.676005137020304    10.547259203942454   5.261720089427278     1.483262824816708  0.8302598072620474 0.002479504830749516  0.7159208638085226 0.0021312477679193923 0.6125666387902104 0.0018865673152258743 1.2254072530760984 0.004155362361828074  0.43034112 0.0010215059769602597 0.77178305 0.0019902109797521115 0.72632205 0.0015873689013690111  -3.61604              5.121460000000001  4.25247146 0.0281496  23.77312577 0.11046206
2458691.51975  -17.17187259188317     19.993961732044387  -7.508898507847498     3.212560750178499  0.8031668881067118 0.004637518273939283  0.6853762962933624 0.004075323552037847  0.5879790339913943 0.0036431839622672194 0.9979204101631173 0.007972118633710557  0.43097633 0.0011252912382736498 0.7615122  0.002141740159430415  0.7336432  0.001757167111229158    3.47877              6.23011            4.22440734 0.02591184 23.83072649 0.10241317
2458693.52607   -1.5883331316247917   10.802539340429629   1.1816296446861831    1.8571498700632718 0.819255548535013  0.0024661065352119147 0.6964071544586684 0.0020206666761275268 0.5989416795869542 0.0017976208204668785 0.9974194221018737 0.003647835534637981  0.43011045 0.0011694697057519079 0.76346517 0.0022313227704870322 0.72649395 0.0017746415899389805  -5.57174              4.40355            4.22744893 0.0274266  23.79085851 0.1081538 
2458694.52142   12.42138288013997     15.050413073870999  -0.9136246488347809    1.5993673434401336 0.813044246301252  0.003036106609839285  0.6971440549031417 0.002540131359909917  0.6012696655069478 0.0022562727641485193 0.9870156531731994 0.004768933480123515  0.42965546 0.0011289642145022101 0.76416934 0.00213824667975635   0.72359174 0.0017197529323888325  -4.53235              4.11074            4.25275297 0.02841786 23.78985376 0.11159243
2458695.50473  -22.57334592769231     20.85323351933264   -5.4555222228532205    2.162071212053622  0.8106954530604183 0.0033640621559820074 0.6924795785659025 0.0028270837839996653 0.6008121511935071 0.0025304239262309925 0.9983332685195913 0.005318297601109142  0.43209052 0.0016233293048193178 0.7674736  0.0029603904233290457 0.72348404 0.0023129230510018305  -5.20482              7.93951            4.24584689 0.02821783 23.9300141  0.11161975
2458697.50997   15.370117845930839    12.974377544249345  -1.1130385361303257    1.5701335171222142 0.8214604165477016 0.0026383863597334027 0.7012304739514925 0.0022147092163998616 0.5985632139928508 0.0019469410061552683 0.9829257613133844 0.003928497648764604  0.4267329  0.001383445290098092  0.76458764 0.0026203297949668985 0.72671187 0.002090783922202152   -5.99914              4.01356            4.23698348 0.02798035 23.82262269 0.11031694
2458698.49617  -20.467070389914564    11.645985155455515   2.076662132540152     1.7741615306836513 0.820063384846584  0.0025385774440185504 0.6930179833257786 0.0021363831635889804 0.5922745907968315 0.0019130268712694405 0.9914232686647676 0.003876914068527801  0.42977017 0.0017210454126579725 0.7640837  0.003158636038288688  0.7294559  0.002509341281853194   -5.42544              5.03216            4.23583328 0.02894594 23.86081167 0.11433848
2458699.39023  -18.834922271921894    12.092923940105571   0.4225693661024111    1.2533847077533655 0.8190785434877554 0.0027086355295067054 0.6934405365289578 0.0022774002967800126 0.5907395505845673 0.0020493360029200398 0.99324344702287   0.0041913131694535834 0.43064675 0.0012159272485145014 0.7649232  0.0022597909469611608 0.726248   0.0018359426790765434 -13.24281              5.6206499999999995 4.23648538 0.02733467 23.89884386 0.10814336
2458700.49086  -31.927992676266715    15.027695840171884 -10.841575857162404     2.362058692721764  0.8195245968221921 0.0031448823927763855 0.6870985450964006 0.0027195522253090957 0.590901351527555  0.0024182845184021816 0.9998830941614367 0.005044781153862829  0.427155   0.001093062063564641  0.7598065  0.0020778367697542877 0.7333947  0.0016841660331953275  -8.30564              4.31945            4.22703178 0.02725222 23.83098446 0.10766458
2458702.45826  -18.18411758582073     15.304321955895817  -5.567228085596555     2.15819017492422   0.8195412884766987 0.00384260446314648   0.6944061022709823 0.003363477496643242  0.6030678263992995 0.0029314535869472756 1.063167395292904  0.00657521294136348   0.42826658 0.0022603402374690358 0.7619586  0.004003652911736552  0.7247745  0.003102347663321384   -6.939220000000001    4.2072             4.24305075 0.02691938 23.79538891 0.10590038
2458704.37141   -3.5846509817956824   14.774320884668953   1.4693699102577544    1.769925906785897  0.8137553998615016 0.0030272330558027386 0.6969482379070251 0.0025170080338162214 0.605369946957621  0.002259041410350131  1.0365492262118774 0.004858017514405428  0.43086386 0.001090006839244766  0.76872396 0.00205864121742539   0.7326849  0.0016586137204301586 -10.22154              4.53734            4.23734556 0.02815894 23.82667481 0.11103415
2458705.5937   -18.870813925494932    16.2617192761582     2.5339676288011566    1.6864990588484317 0.8181711602954206 0.003149626631113303  0.7017842173071803 0.0027004669938339395 0.5883930788208944 0.0023973433763176057 1.0101807168139187 0.00477847796623541   0.42777    0.001398445881497608  0.7674485  0.0025745877532659758 0.733373   0.0020427643612692774  -4.1497399999999995   5.25881            4.23453613 0.0265397  23.97811635 0.10539878
2458706.42587   21.587962781142217    12.748098751465358   7.956790176349223     1.5791157514900016 0.8163653606996429 0.0028928754446846555 0.7027010628845358 0.0024253750860950382 0.5993479529388388 0.00213051153064328   1.0158073135132122 0.004397253191251171  0.4270003  0.0015469286785798038 0.77148616 0.002877223736469794  0.7233381  0.002233772766613764   -4.39513              6.51105            4.22979317 0.02625632 23.87746351 0.10389503
2458707.47746   -3.9237846460444614   16.516005479133298   2.250674470851201     1.783785885759624  0.8163644081997251 0.0031507322666164054 0.6907824537613789 0.0027048224030507243 0.5930428700778718 0.0024170773106873588 1.0180769058032422 0.004986886205745284  0.42955607 0.001169357031810722  0.76800764 0.002243619542835867  0.72924364 0.0017860846933046442  -2.7520700000000002   5.04439            4.24504469 0.02710778 23.83235294 0.10678118
2458709.49323  -32.970438446807364    12.981197397242237   7.90882157198615      1.4027163084401921 0.8170363044612867 0.0026833088906623587 0.6911120746452354 0.0023020811734152454 0.607143129887153  0.0020398571379760993 1.031634058832545  0.004126336034942291  0.43065056 0.0011571475285540493 0.7679859  0.0021709592448042225 0.72759676 0.0017537510103235526 -12.0541               5.20007            4.2427462  0.02747502 23.85422569 0.10837304
2458710.48692   12.31024967640671     11.130969141377268   7.433975938077201     1.5210576679106247 0.8240779373919174 0.002530634402955632  0.717151180332163  0.002149137623587017  0.6072755748105984 0.0019058808083833399 1.1801637884888985 0.004143042758016643  0.42671198 0.0012275620963720928 0.76599216 0.0023120527503179174 0.7231977  0.0018460084663141562 -14.3676               4.69106            4.23101086 0.02917833 23.74755714 0.11477299
2458711.49727  -18.101993715067835    11.495884573614147   7.4884860688047254    1.5711151746933643 0.8132597917961836 0.0025769329073906133 0.7051547088355019 0.002166378989868729  0.5983737045761665 0.0018918393829079891 1.0067261028036374 0.0037902708077007454 0.42397675 0.0014735836640285779 0.7577766  0.0026821861092250834 0.7282953  0.0021457390977333746  -5.26536              5.27159            4.23184375 0.02772991 23.85239788 0.10956676
2458712.50467   -6.748340385456275    13.669831431098315   4.759781604024112     1.4747557042088077 0.813286913525417  0.002683005163910323  0.7034109271689255 0.0022453031810357026 0.5963264668477033 0.0019850847660240474 1.0027749721130534 0.003989604067501947  0.43209174 0.001257134155293847  0.77049154 0.002377973827918558  0.73091185 0.001895936918688533   -9.02928              8.74059            4.22156714 0.02752951 23.8380753  0.10889499
2458713.46804   -7.154830871169776     9.901660697664836   3.4339964692365412    1.0358212244513374 0.8188034184199164 0.0024684923790199553 0.7008916721219339 0.002040226185170982  0.5982381477670129 0.00179685282363961   1.0176511340342382 0.0036854175644067937 0.43048832 0.0018346196608280553 0.76067483 0.003322705018039064  0.72862446 0.0025515963887837     -9.129119999999999    4.47561            4.24938429 0.02661463 23.817392   0.10469549
2458714.45186  -15.836920318234743    14.548516945155184   2.842633601574034     1.2989770426776668 0.818039686826973  0.0027278365911607315 0.7017586423069982 0.002264994359668123  0.5951436892550854 0.002022930600125325  1.0209936764095935 0.004073256309851266  0.4278445  0.0013720896685257779 0.75985795 0.0025292705181098533 0.7269399  0.0020217784515274835  -5.73055              4.1499             4.24065001 0.02797849 23.76271265 0.10995112
2458715.47202  -12.466183704073067    13.623986010908629   2.2504714042900895    0.9184194702184304 0.8196589055769954 0.002493910664865253  0.6954048402177908 0.0021203975071040727 0.5911495668152912 0.0018899152667819896 1.0110138970393747 0.0037263589926151957 0.42932436 0.0014084575991169987 0.7587546  0.0026750534400043586 0.7279928  0.0021203820420215166  -7.0043299999999995   4.14907            4.23013858 0.02823626 23.75900796 0.11113968
2458718.46563  -14.142637797872112    14.260795875439564  -1.0016202017216178    1.5380643931735025 0.8206049568691615 0.003099586298128691  0.6999307184626715 0.0026532890809888403 0.5952892414205582 0.002336863218269498  1.0135650178884088 0.004961666967219884  0.42859337 0.001276486537520012  0.7663581  0.002431737770320045  0.7276219  0.001908462313508681   -1.95771              4.3598300000000005 4.24251127 0.02743042 23.8520002  0.10819069
2458723.44241   -1.3269173680068127   11.275466025705487   0.5000418304554545    1.6803700523204872 0.8135176591159979 0.0026452931147260463 0.692100028327595  0.0022251105456498584 0.5893706169375339 0.0019501456053830552 1.021325063456811  0.004078195163720307  0.4276775  0.0014441521757125111 0.7571775  0.0026800775469910257 0.7249579  0.0021374055886805286  -3.9680699999999995   4.00874            4.22930021 0.02667856 23.80390508 0.10523192
2458724.43567  -18.520372915966494    12.890212658280513   4.794865900674424     2.0340713572888256 0.8204262083117276 0.002700893478287717  0.6951766188171526 0.0023114447140786224 0.595021723767386  0.0019894538245346922 0.9989592431953698 0.004064691416172713  0.42568415 0.00249833702349422   0.7601295  0.004338818662136072  0.7302398  0.0033332931980433037  -4.62946              4.38704            4.24397057 0.02770809 23.83219642 0.10916423
2458725.59613   -3.9515892243193207   10.194526951217131   5.8662480716349314    1.2943998701769615 0.8225785198112759 0.0023824367325379313 0.7042088014191012 0.002024184291269082  0.5983703815479896 0.0017758326149138533 1.000387583728042  0.0035721682311377146 0.4321774  0.0012095870666292607 0.7617924  0.0022702664353370632 0.72754115 0.0018346876133742134  -8.35309              4.089309999999999  4.24409568 0.02830162 23.8349227  0.11151376
2458727.4563     8.424810250249392     8.403615999194738   6.193726326164392     1.0901649269453304 0.8189244085266445 0.0023234021383269007 0.6997586325606788 0.0019530911239577003 0.5989151376130543 0.0017209379529344317 1.0248038346091164 0.0034954004703315823 0.4277931  0.0011153677107160521 0.7648374  0.0021430251082527178 0.73121923 0.0017360584567795716  -8.43613              5.25472            4.24636502 0.02699801 23.84904982 0.10640426
2458728.48158    6.960651627541648    13.022975345764857   2.1562129764717834    1.8450506819422525 0.8205859171887331 0.002584062549430746  0.6998197670067506 0.0021842427846705532 0.5901590814653036 0.0019350544696670655 1.0373798520603512 0.004002464673516438  0.43040413 0.0011129424493939372 0.764952   0.0021531356994954243 0.7290044  0.0017225264108540628  -3.04601              4.27621            4.24515154 0.02830448 23.80213267 0.11134432
2458731.50739  -23.441972431960252    13.60601693769851    3.8349691324488386    1.6415222399739053 0.8177938316204599 0.0025997303975954615 0.6967533932367398 0.0021529145800809287 0.5981728264494256 0.0018941624147727713 0.9973931797140444 0.0039029356147336643 0.42735547 0.0011673944839149337 0.7614872  0.002235478416143732  0.7321243  0.001802888767419958   -4.2572               4.4110499999999995 4.24388839 0.02741652 23.79314317 0.10783071
2458735.60046   -2.1392453328411993   13.298262124722623   4.286475713946974     1.6196611070116669 0.8252372947249432 0.0027504646140310315 0.6910837325177374 0.002342550257640721  0.5986368337427533 0.0020641992235280802 1.0012820068155073 0.004290465266865735  0.4296705  0.0010763294352780005 0.7628248  0.0020471843012938016 0.7293026  0.0016656929185590592 -11.33147              3.8646499999999997 4.24046431 0.0291634  23.78970187 0.11474811
2458741.38945   22.73495116324385     31.007589537759948  23.876705254776347     4.3557103669796815 0.8353230869877177 0.005095769608570692  0.69463448291483   0.00454389359219619   0.6082709083239647 0.003988771574125143  1.0301297779166692 0.008852991745341935  0.42649868 0.0011841415720184668 0.7644887  0.0022692291775597796 0.73006564 0.0018253268696697442 -10.36278              3.80023            4.24967127 0.02838002 23.77553408 0.11142841
2458742.37444  -11.862263084310264    11.130685310473355  11.51968269239506      1.1544304999784034 0.8214983368433165 0.0023935605286786506 0.7026308023426757 0.0019976025620294046 0.5909508182431381 0.0017644039073675835 1.0135382545623013 0.0035598712034868997 0.42769065 0.0010907795195744243 0.76170856 0.0020975866400868913 0.7385802  0.0017073743972591494  -3.76839              4.24812            4.24037873 0.02794961 23.81301817 0.11008722
2458743.38543    3.4493679872541003   13.466469539259604  11.226355987563231     1.6528078816575544 0.8235750698257555 0.0028081081810101558 0.6959834392151181 0.0023873627616360625 0.590984709032991  0.0021194979172210636 1.029350583719131  0.00424488043223035   0.42789668 0.0014333713502847926 0.76395726 0.0026407514366563168 0.7258558  0.0020975087330488804  -5.49777              4.20482            4.24196977 0.0288363  23.78582914 0.11341361
2458744.36882  -14.764824410847362    12.913394243859425   7.511430878356598     1.6221655625917364 0.8242792697890983 0.0024662283405420234 0.7100408092493448 0.0021151587108719622 0.5947969656194582 0.0018367634678846392 1.0725807070041171 0.00383004855033443   0.42468315 0.0011594435854207085 0.76574755 0.0022152102147851237 0.7297238  0.0017499844962241648  -4.97238              4.48349            4.23711968 0.0276639  23.81342356 0.10902237
2458745.37609  -21.823604437702404    12.156465947789634   4.97895356365818      1.6119424580600066 0.8202728432622667 0.0025749440988671432 0.6927086182741534 0.002184957185349898  0.6012044827993613 0.0019196577904070588 1.0189043169471492 0.00387404750256475   0.42357436 0.0011863947805174119 0.7638665  0.002285070984331963  0.7287048  0.0018112485556447053  -9.448450000000001    9.07313            4.23261433 0.02596843 23.46204311 0.10082864
2458746.43566   -2.5554999889953014   28.187378178183167   4.467761958959395     4.214959319386348  0.8137095007769071 0.005572414635417122  0.6988765778273311 0.004907239095008611  0.61912637535959   0.00434593278157412   1.055059559876425  0.009329930157371602  0.42559478 0.0010330042873075284 0.7659277  0.0020020350384152875 0.72005206 0.0016074562298363008  -5.687550000000001    3.875              4.25047312 0.02770604 23.72489923 0.10852434
2458749.55257  -63.16867583855601     53.39116323531721   31.42784680124944      9.181167666616133  0.8092519753490415 0.010467086470540798  0.6754870073777314 0.010125750131778494  0.6493204654218021 0.009441171248323372  1.0008499195724876 0.02084647945448142   0.42655396 0.0010171856037175862 0.76601535 0.001957585089804804  0.72703075 0.0015846022602355094 -13.47555              4.60357            4.2457841  0.02882843 23.74731919 0.11311897
2458756.4119   -35.898568866951216    12.184067685994439   2.5874841174920338    1.6349234322330874 0.8230273805663155 0.0024875161758085686 0.7008199203595212 0.0021024250539189385 0.5915867865903452 0.0018401990156483698 1.0163381655708457 0.003680576643281776  0.42722923 0.0011535222242671308 0.7634896  0.002189408818008629  0.7232884  0.0017432612441931224  -5.33033              4.02579            4.25078698 0.02822248 23.80576013 0.11093826
2458757.328    -27.649788932317428    27.69902366429374   -1.3809981382962824    2.5301261010116995 0.826185442608212  0.004907675704287707  0.6903951687294044 0.004298297700276766  0.5944959567049029 0.0038138119440693243 1.0127854043041666 0.007964454073343298  0.4274613  0.0011392032379585512 0.7621184  0.0021506747123878345 0.7258959  0.001724917951385551   -4.51639              4.2387             4.24126215 0.02942119 23.77706055 0.11568277
2458759.35096   12.866790034559935    12.276292155793948  -2.977492893969638     1.96897798984225   0.8200727579448037 0.003236078314751842  0.7045511722946064 0.0027690502329537    0.604344389229918  0.002437616664453765  1.0550706938812442 0.005191682457820725  0.4293481  0.0012312231736273842 0.75937855 0.002298651046004809  0.72230875 0.0018546602395192854 -22.60172              9.442570000000002  4.26114421 0.02943076 23.62555164 0.11457678
2458760.32631   -2.2235798850850452   12.697332054557485   2.4472147242675573    1.172441005277176  0.8285937223478542 0.0024187118705482715 0.7056056831807042 0.0020058313846321374 0.6018591463967605 0.0017639821804708166 1.0463186769826085 0.003594045825809942  0.43362972 0.002536108716426979  0.7510183  0.004328971903388814  0.73725593 0.0034133606889321434 -20.458830000000003   21.90417            4.22102389 0.03612246 22.89691647 0.13697958
2458761.36841   -2.4719344139224866   11.65396212980612   -2.2505704303810656    1.5818207164953488 0.823920116716066  0.003059184388963754  0.7103626421532905 0.002604874706975276  0.6032947164184318 0.002298977972097135  1.0329212510653627 0.004684663620299678  0.4295482  0.0010356799059681578 0.7620113  0.0019989118266251133 0.7317282  0.0016081714802003717  -8.460149999999999    4.0105             4.23832249 0.02783241 23.82106991 0.10970174
2458762.42692   -3.562621814085376    11.483582567391831  -2.188954129660335     1.782230561736159  0.8196279111948314 0.0030151374824702584 0.6993377172600601 0.0025393887489640423 0.5981226257217276 0.002241806746353575  1.0709335083732812 0.004569981790574714  0.4288278  0.001236546776078966  0.75936204 0.0023438476126478747 0.731387   0.0018976734418041834  -5.579                8.1472             4.24140426 0.02560089 23.828743   0.10088923
2458763.38027  -12.414221847780533    13.323016903678278  -0.8229492329726403    1.6274581129422023 0.81840063807136   0.003210168425611907  0.692480300228653  0.0027185644760985127 0.5983585860519672 0.0023962499620060716 1.0449160005073785 0.004852675521162243  0.42659605 0.0010779632233774707 0.76363844 0.002061805161247921  0.72909486 0.0016837184537479098  -9.1221               5.35579            4.24909918 0.02827648 23.90061304 0.11164747
2458764.32503    9.423510691512925    11.259934112262522   4.303858216297973     1.2595058256285618 0.8217280665355123 0.002385087375090593  0.6992437250040376 0.0019940461623112376 0.591906437918155  0.0017420391503778743 1.0679428567579774 0.0035145435477222965 0.42899173 0.001140285226913768  0.76291335 0.002159048401644201  0.7279636  0.0017468430198832499  -3.9450400000000005   3.8854599999999997 4.24496541 0.02811822 23.85625029 0.11087978
2458765.36609   -7.2679672044232415   13.334482693832403   3.967563833793749     1.3363895352904116 0.8226640012839892 0.0026047838619901002 0.7009766168024065 0.0021888499533609883 0.6041818588113184 0.001919433301753116  1.0519349365842505 0.003948103141199903  0.4256127  0.002623594583901944  0.7639943  0.004783645395108136  0.7288973  0.003609605032676944   -3.62114              5.02756            4.23566035 0.02643541 23.84493452 0.10435126
2458766.31161   -7.170173156872037    10.563030736972085   2.5084814310298844    1.1735828271149478 0.8198774608129641 0.002399322000915105  0.6982503491674226 0.002015440201308421  0.6011172341006733 0.0017710645825539197 1.0220792593479264 0.0035574384744289814 0.44350863 0.005954198021973519  0.7465722  0.009501003599535382  0.73479754 0.007015454832322892   -9.72777              4.81263            4.24395084 0.02854871 23.87277979 0.11267808
2458767.31866    2.353980753333782    12.789310268557713   4.923029063740521     1.2065341224492503 0.825473982280187  0.0023507320197256156 0.7030460896062903 0.0019592260656255147 0.6024799785195539 0.0017221704398818025 1.0567466101464704 0.0035532983772323706 0.4260602  0.0010735297026941066 0.7644561  0.0020648249725256315 0.733543   0.0016794476236359642  -6.211679999999999    5.20055            4.24340504 0.02858188 23.83329123 0.1126227 
2458769.30418  -13.497472519522272    12.40381758668575    4.860833890454811     1.2773633310322265 0.8204043761164863 0.0024464415873248794 0.7030821914587561 0.002067777852843484  0.5962289815890959 0.0018415666977031312 1.0283262300712344 0.0036976074824728905 0.42533854 0.002275280599371037  0.7605446  0.004144324984870508  0.7331989  0.0031902073983427113  -8.93727              3.78102            4.24055831 0.0285041  23.80698954 0.11223841
2458770.30996  -26.663858467380393    13.472130298930534   1.3529583328728312    1.415139111794726  0.8233459005704579 0.002787418135931966  0.7005397666782661 0.002379599335582995  0.5957933843536042 0.0020991990325965617 1.1090797204972702 0.004420224622626569  0.42424724 0.0014604476130086362 0.75960493 0.002717353492195922  0.7332105  0.0021700002752684053 -10.813400000000001    4.23287            4.23818487 0.0278065  23.8130693  0.10956343
2458771.35259  -28.282115534153327    31.627201388817948  -2.8250019220016696    3.399650693387145  0.8170866615871977 0.006078561754838597  0.698439534196364  0.0055082314377946215 0.6162577847680218 0.004974172224539369  1.0816812599196972 0.011191776720212696  0.42269525 0.0010326627165904746 0.76206416 0.00200384526186048   0.7316124  0.001625444858792295   -4.69473              3.85574            4.23921087 0.0282183  23.80599075 0.1111324 
2458772.33393  -28.33358016440606     16.207185794775473   3.5320863828319506    1.6076767500685387 0.8188795821885709 0.0031323399435770954 0.7029454330996805 0.0026431479066897725 0.608783946782217  0.002323429210941136  1.065914364124952  0.004853337411145489  0.42135787 0.0013684920647194228 0.7609859  0.0025643050721352524 0.7313044  0.002088636425855125   -6.20848              3.79791            4.2413203  0.0270812  23.8225027  0.10669498
2458774.29517  -21.970205310729785    10.873860390153364   1.042095697328474     1.3715071648859356 0.8231274928686123 0.0024190923320750305 0.6967848709634081 0.0020192469996721113 0.5981214711310877 0.001770184452515277  0.9909214113235018 0.003520291189058505  0.42477152 0.0013025358864058169 0.7603119  0.002478105723045897  0.73335665 0.002003136997153426   -5.4149899999999995   4.00298            4.23567377 0.02708037 23.86237303 0.1069792 
2458775.38609  -32.41428891212605     11.218389584210064   0.051501979063189735  1.3825957627175616 0.8211714156453839 0.0026097585288549384 0.6998766855213373 0.0021898169321348878 0.5967844712752532 0.0019406616443250185 1.012125105099098  0.003826876944673495  0.42314306 0.0013983319948975398 0.7617429  0.0026676228070064553 0.7329939  0.0021286529303495825  -6.6144799999999995   4.55395            4.23685537 0.02682059 23.85393891 0.1058929 
2458777.3309   -33.29933451026579     41.90310536944161  -13.225737455496922     4.374877941021125  0.8441920407115258 0.008003495440818251  0.6968266664892266 0.00734010833343846   0.6330465973591035 0.006753593038585575  1.007151445595659  0.015338742955306591  0.42242184 0.0010242687576352439 0.7604825  0.001950231206707266  0.7276489  0.0015804743974377098  -7.17988             10.88952            4.21878365 0.02850015 23.61790841 0.11169258
2458783.30379  -13.124500991028917     8.800090187422901   1.5295321377769955    1.7360118003516871 0.8196787811375514 0.0024730781948568196 0.6967084603611267 0.002022832595217412  0.6030290973231619 0.0017934638067608841 1.0096940261185137 0.003523185718334706  0.4235458  0.001128172866324106  0.762601   0.0021742421345827376 0.7276431  0.0017492666611350057  -3.1491000000000002   5.10635            4.23702644 0.02775806 23.78690201 0.10926696
2458784.30388  -17.687260863024697    10.448041734671435  -0.4038916438028617    1.379644629824873  0.8221884722738864 0.0024761902926200355 0.7018358476725289 0.002074944135359881  0.5997267241786172 0.0018306654216775698 1.0382179702180026 0.003659691676495296  0.42302865 0.0010303104377014343 0.7582354  0.001992732796425729  0.73136073 0.0016129611097331006  -6.31569              3.9266500000000004 4.23180922 0.02734376 23.77133818 0.1076553 
2458785.35683   -5.550130741229851    14.583633556460672  -0.831446371832539     1.7927635884818829 0.8335032669452076 0.0029315612742980795 0.7169131209911108 0.0024810808305544482 0.6028341555938497 0.0021768532760821652 1.2170005894594287 0.004812367120042454  0.4242416  0.0010329838271799638 0.76750785 0.001955125726555403  0.73186755 0.0015987863848995808  -6.48889              4.21321            4.25551211 0.02752429 23.85756883 0.1083594 
2458792.39696   40.02522941592282     43.21633319345935   -2.5778782964065643    6.466037627970816  0.8054656394052194 0.00915390233907649   0.6857920434125858 0.008399647466132334  0.625930793915485  0.007550943587466416  1.066854231384215  0.017875059323511685  0.42302263 0.0010865611611908272 0.7595755  0.002029429753702893  0.7277165  0.0016525053152768173 -34.58072             14.957790000000001  4.23218226 0.02970036 23.72883623 0.11670647
2458796.26426  -21.40591069596696     20.972721661184362  -5.5563182062593155    3.7862044139948052 0.8161449098929356 0.005370414612889899  0.7101439981660347 0.004800481982784007  0.6009117668667292 0.004321919143487426  1.0747957031089865 0.009966865852632534  0.42633587 0.0012471457695402684 0.76424944 0.002324913741273308  0.72911954 0.0018768703781878874  -5.74737              3.9296100000000003 4.25268809 0.02657847 23.86054674 0.10469695
2458800.29216   -5.316505516255385    17.49608719940366   -4.487913164742247     2.252252888324738  0.8259980256947472 0.003756237314295354  0.699433980171499  0.003291557494266394  0.6146317685996052 0.002864857176841173  1.0667960109807777 0.006364929943196294  0.420166   0.0030801289765944096 0.7648437  0.005252766940887866  0.7347284  0.0039464934437041495  -7.24499              3.99359            4.24616392 0.02768873 23.83353928 0.1090554 
2458801.28973   20.535621592690784    19.521780472935628  -5.605919065329106     2.637042348547178  0.8220244045412981 0.00426801584505452   0.7055674022609849 0.003691239752046445  0.6148327400086593 0.0033037263494844022 1.1094366687328854 0.007445571907976237  0.42851105 0.00138830084142601   0.757985   0.002579649731091614  0.73056066 0.0020624965208517914  -9.65394              4.66738            4.23674752 0.02806074 23.84798793 0.11076207
2458804.33107  -44.258284809432325    47.72477144722699  -14.419491449163761     4.3310405462536234 0.8145460741786913 0.008132882438921856  0.6985979697151383 0.007553372637370856  0.6216711012440354 0.00674655007202084   1.0127506020072943 0.016121194690467362  0.4230029  0.0010626072581027691 0.7686062  0.002027476689258375  0.73265415 0.0016346551482114408 -12.81748             17.60023            4.23442325 0.02497824 23.41618696 0.09675678
2458807.37398 -110.62250534589654     47.428921564145156  -2.697828522037883     4.6890991246526035 0.8183781129445379 0.008328474542211325  0.6967990794934521 0.0075807912284039805 0.6234843570031289 0.0068375563875437174 1.0177542511989324 0.01646103103393164   0.4220384  0.001124134084868651  0.765979   0.0021782701744533367 0.73689973 0.0017950323423387403   4.47304              9.5092             4.22023447 0.03173167 23.95194089 0.12617756
2458815.3241   -21.176992455557006    15.343772192952802  -3.230795775818224     1.6207600986892052 0.8389350582097819 0.003577981743401863  0.7157617888607299 0.0030786332694617813 0.6236701618096978 0.0026867725475072184 1.29063233626691   0.006305054407385627  0.42434806 0.004292522776587307  0.7500571  0.006976322399059534  0.73355734 0.005215435071323669   -2.67787              6.31802            4.2388853  0.02729315 23.96728389 0.10826224
2458816.30663    6.679670597557501    17.351240398901712  -8.625313385390626     2.2904078007007533 0.8256762585729432 0.0037240061945646072 0.6988472417794954 0.003227448864993667  0.6096436815760594 0.0028317527801523077 1.189449252508111  0.0063947865164713305 0.4250842  0.001060240034266206  0.75977993 0.0020128143128665846 0.7314394  0.0016389409191887104  -2.79817              7.34633            4.24106824 0.02606236 23.85491204 0.10283272
2458817.26022  -15.600108873066537    13.554858508651678   0.7853339308453474    1.2979598409921749 0.8272079468895149 0.0025624346340518724 0.7040992221101255 0.0021771283515954116 0.6053806845388197 0.0018846585878664974 1.102966521206338  0.003951086037471502  0.42236537 0.0010661064829473339 0.75784403 0.0020391043151595243 0.7301196  0.0016805773346916218   5.67371             15.826960000000001  4.23430591 0.0278548  23.77251472 0.10962947
2458818.26246   -6.705677615835905    13.420464833593233  -4.117014124885534     1.618500714019844  0.8193272507012942 0.002794496604844519  0.6997292103206223 0.0023950377645108084 0.5988143115195468 0.002098479448886314  1.007256628186825  0.004232730486426255  0.41803667 0.00125368567059829   0.7586821  0.002422839744472332  0.7289214  0.0019372055299132006  -8.8921              15.651040000000002  4.23983254 0.02957291 23.56692398 0.11522555
2458978.65464   44.9574747281816      21.493467489377746  -6.480947093423672     4.467515976135513  0.8196951328383668 0.004343499911738931  0.6927693760634875 0.0037602119207570278 0.6014507744411259 0.0033017845155119776 1.0152179190231008 0.007473907015162491  0.4181207  0.004922180051623455  0.7288978  0.007782439946148125  0.73644906 0.005749287442065058   -1.7255099999999999   5.8256499999999996 4.24748032 0.02915704 23.90714364 0.11518735
2458988.61439  -35.766523826117556    15.79058056787389    4.24563220538075      1.6419615297128467 0.8196539024592057 0.002658048021322097  0.6954068007138654 0.0022297638034133815 0.6024931197303168 0.0019697897955332777 1.0367844871998009 0.00415576871063611   0.41208026 0.002478676421454467  0.74455416 0.004224759333752846  0.73544997 0.003313638599171428   -5.111                6.26783            4.24196751 0.02724406 23.89505371 0.10766933
2458994.61685    3.508086001349337    11.79964728201202    5.497382007654236     1.796091590165396  0.8234974172442773 0.002533974466499586  0.6976001821252094 0.002167171157908847  0.597100887991117  0.00191077861985639   1.1120041211182443 0.004194215434002202  0.42245072 0.002741954944515535  0.74355376 0.004577739006260857  0.7408096  0.0035946357693851672  -0.96875              4.14509            4.24023656 0.02890301 23.87676928 0.11416595
2458999.63468   31.895483977763014    12.487411378477816   2.8340189981092228    1.5829248514467082 0.8204899760945975 0.00270470743310916   0.7095912172732671 0.002289319386499716  0.593403366853534  0.00199104635524767   1.0944842062851121 0.004271274346494315  0.42380986 0.0017621177326271496 0.74981666 0.00312949379960636   0.730656   0.0024952226112991555  -3.41321              4.56137            4.25028286 0.0273928  23.93634649 0.10830774
2459000.64327    9.633018047043144    11.441104506548738   6.143429145550818     1.488052938532921  0.820466492301646  0.002623416894703273  0.6981624028441045 0.0022325875713548127 0.5882923402087417 0.0019691763514344553 1.045758890932847  0.004038454211171985  0.42471802 0.0020414495849569773 0.7501656  0.003567637213466023  0.7336677  0.0028382276706742336  -3.07838              7.34594            4.24629734 0.02997559 23.93920203 0.11861154
2459001.64411   12.499348826711433    11.447499491574062   4.261417254789651     2.0346229517525143 0.814628465192149  0.0026200764812963876 0.7105724589788549 0.002203413049953192  0.5984078169643784 0.0019618690231627107 1.0964459059096172 0.004243646791495224  0.41174346 0.004462713748754576  0.7505158  0.007136806128136998  0.7296692  0.005237261156474047   -3.47862              4.39694            4.23993401 0.02738388 23.77385288 0.10768045
2459006.64529  -20.19775668772733     14.412809913632609  15.323859457506238     2.3144481552753846 0.8244763365203035 0.003648160434531182  0.7131457166401525 0.0031185180471663757 0.6042399264528018 0.002808819302542721  1.113971232498773  0.006205270558343746  0.42850834 0.004515615753609548  0.7609174  0.007297586758299718  0.7271586  0.005388139887761432   -4.985060000000001    4.23939            4.22879015 0.02708106 23.76520956 0.10664861
2459010.59488   -4.264815418749367    12.370409131987765   4.134106254034473     1.8240408757984532 0.8152199077021917 0.003013723056499378  0.7039434907547417 0.0025477719345009895 0.6018699430745114 0.0022734544372876903 1.0532759025123948 0.004926035413438332  0.4235609  0.0016047812356898327 0.7520251  0.0029414980938570743 0.73287535 0.0023492810753622854  -6.37071              4.43776            4.23993682 0.0283293  23.75496724 0.11130461
2459015.61493   17.252018943022733    12.540314703638566   3.4490548937326397    1.5414119616082353 0.811877977887149  0.0027329638240777463 0.7039812176184874 0.0022825038387636457 0.599151602864589  0.0020133161287580457 1.035703187140728  0.004266930036886386  0.42657363 0.001718555880961929  0.7545997  0.0031060461619642835 0.7359918  0.0024921818771284853  -6.49329              4.29041            4.24683339 0.02956125 23.83728944 0.11643748
2459017.64665   36.66553131044835     31.07436560375827   -8.34094084879222      3.8178272334801564 0.8163419381231801 0.0051561898675722    0.7120312773967229 0.004578509742597353  0.5991835354172532 0.004113167825716269  1.0356394817116006 0.009215945508685338  0.42509258 0.0011338644236271675 0.7549667  0.0020996534549535765 0.7288799  0.0017117188499241565  -7.00947              4.3389             4.22650191 0.02877517 23.79703794 0.11352082
